osm_id,osm_type,city,lat,lon,name,tourism,wheelchair,name:de,name:en,name:ja_kana,name:ja_rm,KSJ2:ADS,KSJ2:AdminArea,KSJ2:PubFacAdmin,note,note:ja,source,source_ref,wikidata,wikipedia,opening_hours,wikimedia_commons,wikipedia:ja,name:km,addr:block_number,addr:city,addr:neighbourhood,addr:postcode,addr:province,addr:quarter,addr:suburb,fee,name:ja,attraction,amenity,name:ko,level,museum,addr:floor,contact:facebook,contact:instagram,contact:phone,name:ja-Latn,website,name:zh,landuse,official_name,artwork_type,material,operator,playground,playground:theme,check_date,addr:housenumber,addr:street,internet_access,internet_access:fee,payment:cash,payment:credit_cards,payment:debit_cards,payment:qr_code,alt_name,description,smoking,leisure,building,layer,source:ja,building:levels,ele,height,historic,architect,architect:wikidata,operator:type,natural,name:es,phone,barrier,alt_name:en,brand,brand:en,brand:wikidata,operator:wikidata,name:fr,opening_hours:covid19,area,old_name,addr:full,fax,fence_type,advertising,foot,highway,surface,type
286748044,node,Nagoya,35.1841482,136.9323578,徳川園,viewpoint,yes,,,,,,,,,,,,,,,,,,,,,,,,,,,,,,,,,,,,,,,,,,,,,,,,,,,,,,,,,,,,,,,,,,,,,,,,,,,,,,,,,,,,,,,,,
873822477,node,Nagoya,35.2925017,136.9134245,小牧市歴史館,museum,,Historisches Museum der Stadt Komaki,Komaki City Historical Museum,こまきしれきしかん,Komaki-shi rekishikan,,,,,,,,,,,,,,,,,,,,,,,,,,,,,,,,,,,,,,,,,,,,,,,,,,,,,,,,,,,,,,,,,,,,,,,,,,,,,,,,,,,,,
1423947027,node,Nagoya,35.0622200,136.8972830,ガスエネルギー館,museum,,,,,,新宝町507-2,愛知県東海市,民間,"National-Land Numerical Information (Public Facility) 2006, MLIT Japan",国土数値情報（公共施設データ）平成19年　国土交通省,KSJ2,http://nlftp.mlit.go.jp/ksj/jpgis/datalist/KsjTmplt-P02-v2_0.html,Q11295940,ja:ガスエネルギー館,,,,,,,,,,,,,,,,,,,,,,,,,,,,,,,,,,,,,,,,,,,,,,,,,,,,,,,,,,,,,,,,,,,,,,,,,,,,
1423947317,node,Nagoya,35.2840165,136.8001904,一宮市博物館,museum,,,,,,,,,"National-Land Numerical Information (Public Facility) 2006, MLIT Japan",国土数値情報（公共施設データ）平成19年　国土交通省,KSJ2,http://nlftp.mlit.go.jp/ksj/jpgis/datalist/KsjTmplt-P02-v2_0.html,,,,,,,,,,,,,,,,,,,,,,,,,,,,,,,,,,,,,,,,,,,,,,,,,,,,,,,,,,,,,,,,,,,,,,,,,,,,,,
1423948081,node,Nagoya,35.1687510,136.9013040,三菱東京ＵＦＪ銀行貨幣資料館,museum,,,,,,錦2-20-25,愛知県名古屋市中区,民間,"National-Land Numerical Information (Public Facility) 2006, MLIT Japan",国土数値情報（公共施設データ）平成19年　国土交通省,KSJ2,http://nlftp.mlit.go.jp/ksj/jpgis/datalist/KsjTmplt-P02-v2_0.html,,,,,,,,,,,,,,,,,,,,,,,,,,,,,,,,,,,,,,,,,,,,,,,,,,,,,,,,,,,,,,,,,,,,,,,,,,,,,,
1423948145,node,Nagoya,35.1921160,136.9028820,下水道科学館,museum,,,METAWATER Sewerage Science Museum Nagoya,,,,,,"National-Land Numerical Information (Public Facility) 2006, MLIT Japan",国土数値情報（公共施設データ）平成19年　国土交通省,survey;KSJ2,http://nlftp.mlit.go.jp/ksj/jpgis/datalist/KsjTmplt-P02-v2_0.html,Q11361063,ja:下水道科学館 (名古屋市),09:30-16:30; Mo off,Category:Sewage Science Museum (Nagoya),下水道科学館 (名古屋市),,,,,,,,,,,,,,,,,,,,,,,,,,,,,,,,,,,,,,,,,,,,,,,,,,,,,,,,,,,,,,,,,,,,,,,,,
1423948976,node,Nagoya,35.1535383,136.9012961,切支丹遺蹟博物館,museum,,,,,,,,,"National-Land Numerical Information (Public Facility) 2006, MLIT Japan",国土数値情報（公共施設データ）平成19年　国土交通省,KSJ2,http://nlftp.mlit.go.jp/ksj/jpgis/datalist/KsjTmplt-P02-v2_0.html,Q79866768,,,Category:Japanese Christian Museum,,,,,,,,,,,,,,,,,,,,,,,,,,,,,,,,,,,,,,,,,,,,,,,,,,,,,,,,,,,,,,,,,,,,,,,,,,
1423949280,node,Nagoya,35.1498440,136.9628190,南山大学人類学博物館,museum,,,,,,,,,"National-Land Numerical Information (Public Facility) 2006, MLIT Japan",国土数値情報（公共施設データ）平成19年　国土交通省,KSJ2,http://nlftp.mlit.go.jp/ksj/jpgis/datalist/KsjTmplt-P02-v2_0.html,Q11407757,ja:南山大学人類学博物館,,Category:Nanzan University Museum of Anthropology,,សារមន្ទីរនរវិទ្យាសាកលវិទ្យាល័យ ណាន់ហ្សាំង,,,,,,,,,,,,,,,,,,,,,,,,,,,,,,,,,,,,,,,,,,,,,,,,,,,,,,,,,,,,,,,,,,,,,,,,
1423950532,node,Nagoya,35.1812260,136.9103220,名古屋市市政資料館,museum,,,Nagoya City Municipal Archives Museum,,,,,,"National-Land Numerical Information (Public Facility) 2006, MLIT Japan",国土数値情報（公共施設データ）平成19年　国土交通省,KSJ2,http://nlftp.mlit.go.jp/ksj/jpgis/datalist/KsjTmplt-P02-v2_0.html,Q1089458,ja:名古屋市市政資料館,,Category:Nagoya City Archives,,,3,名古屋市,1丁目,461-0011,愛知県,白壁,東区,,,,,,,,,,,,,,,,,,,,,,,,,,,,,,,,,,,,,,,,,,,,,,,,,,,,,,,,,,,,,,,,,
1423950701,node,Nagoya,35.1738409,136.8533610,名古屋市秀吉清正記念館,museum,,,,,,,,,"National-Land Numerical Information (Public Facility) 2006, MLIT Japan",国土数値情報（公共施設データ）平成19年　国土交通省,KSJ2,http://nlftp.mlit.go.jp/ksj/jpgis/datalist/KsjTmplt-P02-v2_0.html,,,,,,,,,,,,,,,,,,,,,,,,,,,,,,,,,,,,,,,,,,,,,,,,,,,,,,,,,,,,,,,,,,,,,,,,,,,,,,
1423950759,node,Nagoya,35.1833370,136.9325710,名古屋市蓬左文庫,museum,,,,,,,,,"National-Land Numerical Information (Public Facility) 2006, MLIT Japan",国土数値情報（公共施設データ）平成19年　国土交通省,KSJ2,http://nlftp.mlit.go.jp/ksj/jpgis/datalist/KsjTmplt-P02-v2_0.html,,,,,名古屋市蓬左文庫,,,,,,,,,,,,,,,,,,,,,,,,,,,,,,,,,,,,,,,,,,,,,,,,,,,,,,,,,,,,,,,,,,,,,,,,,
1423950782,node,Nagoya,35.1153980,136.8125000,名古屋市農業文化園,zoo,,,,,,春田野2-3204,愛知県名古屋市港区,市区町村,"National-Land Numerical Information (Public Facility) 2006, MLIT Japan",国土数値情報（公共施設データ）平成19年　国土交通省,KSJ2,http://nlftp.mlit.go.jp/ksj/jpgis/datalist/KsjTmplt-P02-v2_0.html,Q11415127,ja:名古屋市農業文化園,,,,,,,,,,,,,,,,,,,,,,,,,,,,,,,,,,,,,,,,,,,,,,,,,,,,,,,,,,,,,,,,,,,,,,,,,,,,
1423951030,node,Nagoya,35.0906642,136.8805282,名古屋海洋博物館・南極観測船ふじ,museum,,,Fuji Antarctic Museum,,,,,,"National-Land Numerical Information (Public Facility) 2006, MLIT Japan",国土数値情報（公共施設データ）平成19年　国土交通省,KSJ2,http://nlftp.mlit.go.jp/ksj/jpgis/datalist/KsjTmplt-P02-v2_0.html,Q11277051,ja:ふじ (砕氷艦),Tu-Su 09:30-17:00,Category:Fuji (AGB 5001),,,,,,,,,,yes,名古屋海洋博物館・南極観測船ふじ,,,,,,,,,,,,,,,,,,,,,,,,,,,,,,,,,,,,,,,,,,,,,,,,,,,,,,,,,,,,,,,
1423951336,node,Nagoya,35.2123360,136.9891200,唐九郎記念館（翠松園陶芸記念館）,museum,,,,,,大字小幡字北山2758-413,愛知県名古屋市守山区,民間,"National-Land Numerical Information (Public Facility) 2006, MLIT Japan",国土数値情報（公共施設データ）平成19年　国土交通省,KSJ2,http://nlftp.mlit.go.jp/ksj/jpgis/datalist/KsjTmplt-P02-v2_0.html,,,,,,,,,,,,,,,,,,,,,,,,,,,,,,,,,,,,,,,,,,,,,,,,,,,,,,,,,,,,,,,,,,,,,,,,,,,,,,
1423985718,node,Nagoya,35.1836864,136.9331025,徳川美術館,museum,yes,,Tokugawa Art Museum,,,,,,"National-Land Numerical Information (Public Facility) 2006, MLIT Japan",国土数値情報（公共施設データ）平成19年　国土交通省,KSJ2,http://nlftp.mlit.go.jp/ksj/jpgis/datalist/KsjTmplt-P02-v2_0.html,Q3077236,en:Tokugawa Art Museum,,,,,,,,,,,,,,,,,,,,,,,,,,,,,,,,,,,,,,,,,,,,,,,,,,,,,,,,,,,,,,,,,,,,,,,,,,,,
1423987149,node,Nagoya,35.2430440,136.9572550,春日井市立中央公民館内民俗展示室,museum,,,,,,柏原町1-97-1,愛知県春日井市,市区町村,"National-Land Numerical Information (Public Facility) 2006, MLIT Japan",国土数値情報（公共施設データ）平成19年　国土交通省,KSJ2,http://nlftp.mlit.go.jp/ksj/jpgis/datalist/KsjTmplt-P02-v2_0.html,,,,,,,,,,,,,,,,,,,,,,,,,,,,,,,,,,,,,,,,,,,,,,,,,,,,,,,,,,,,,,,,,,,,,,,,,,,,,,
1423987178,node,Nagoya,35.2203836,136.9680823,春日井市道風記念館,museum,,,,,,,,,"National-Land Numerical Information (Public Facility) 2006, MLIT Japan",国土数値情報（公共施設データ）平成19年　国土交通省,KSJ2,http://nlftp.mlit.go.jp/ksj/jpgis/datalist/KsjTmplt-P02-v2_0.html,Q11641867,ja:道風記念館,,Category:Kasugai City Tofu Memorial Museum,,,,,,,,,,,,,,,,,,,,,,,,,,,,,,,,,,,,,,,,,,,,,,,,,,,,,,,,,,,,,,,,,,,,,,,,,,
1423987216,node,Nagoya,35.2414060,136.8397320,春日町中央公民館郷土資料室,museum,,,,,,大字落合字東出8-2,愛知県西春日井郡春日町,市区町村,"National-Land Numerical Information (Public Facility) 2006, MLIT Japan",国土数値情報（公共施設データ）平成19年　国土交通省,KSJ2,http://nlftp.mlit.go.jp/ksj/jpgis/datalist/KsjTmplt-P02-v2_0.html,,,,,,,,,,,,,,,,,,,,,,,,,,,,,,,,,,,,,,,,,,,,,,,,,,,,,,,,,,,,,,,,,,,,,,,,,,,,,,
1423988291,node,Nagoya,35.0314760,136.9179350,東海市立平洲記念館・東海市立郷土資料館,museum,,,,,,,,,"National-Land Numerical Information (Public Facility) 2006, MLIT Japan",国土数値情報（公共施設データ）平成19年　国土交通省,KSJ2,http://nlftp.mlit.go.jp/ksj/jpgis/datalist/KsjTmplt-P02-v2_0.html,Q11527877,ja:東海市立平洲記念館,,Category:Heishu Memorial Hall,,,,,,,,,,,,,,,,,,,,,,,,,,,,,,,,,,,,,,,,,,,,,,,,,,,,,,,,,,,,,,,,,,,,,,,,,,
1423989216,node,Nagoya,35.1483804,136.9536004,桑山美術館,museum,,,,,,,,,"National-Land Numerical Information (Public Facility) 2006, MLIT Japan",国土数値情報（公共施設データ）平成19年　国土交通省,KSJ2,http://nlftp.mlit.go.jp/ksj/jpgis/datalist/KsjTmplt-P02-v2_0.html,Q11537541,en:Kuwayama Art Museum,,Category:Kuwayama Art Museum,,,,,,,,,,,,,,,,,,,,,,,,,,,,,,,,,,,,,,,,,,,,,,,,,,,,,,,,,,,,,,,,,,,,,,,,,,
1423989362,node,Nagoya,35.1723830,136.9095580,森村記念館,museum,,,,,,,,,"National-Land Numerical Information (Public Facility) 2006, MLIT Japan",国土数値情報（公共施設データ）平成19年　国土交通省,KSJ2,http://nlftp.mlit.go.jp/ksj/jpgis/datalist/KsjTmplt-P02-v2_0.html,Q11539869,ja:森村記念館,,,,,,,,,,,,,,,,,,,,,,,,,,,,,,,,,,,,,,,,,,,,,,,,,,,,,,,,,,,,,,,,,,,,,,,,,,,,
1423989435,node,Nagoya,35.1752396,136.9106803,楽只美術館,museum,,,,,,,,,"National-Land Numerical Information (Public Facility) 2006, MLIT Japan",国土数値情報（公共施設データ）平成19年　国土交通省,KSJ2,http://nlftp.mlit.go.jp/ksj/jpgis/datalist/KsjTmplt-P02-v2_0.html,Q11541558,ja:楽只美術館,,Category:Rakushi Art Museum,,,,,,,,,,,,,,,,,,,,,,,,,,,,,,,,,,,,,,,,,,,,,,,,,,,,,,,,,,,,,,,,,,,,,,,,,,
1423989763,node,Nagoya,35.1772640,136.9070390,歯の博物館,museum,,,Teeth Museum,,,丸の内3-5-18,愛知県名古屋市中区,民間,"National-Land Numerical Information (Public Facility) 2006, MLIT Japan",国土数値情報（公共施設データ）平成19年　国土交通省,KSJ2,http://nlftp.mlit.go.jp/ksj/jpgis/datalist/KsjTmplt-P02-v2_0.html,,,"Th, Sa-Su 10:00-12:00, 13:00-16:00",,,,,,,,,,,,,,,,,,,,,,,,,,,,,,,,,,,,,,,,,,,,,,,,,,,,,,,,,,,,,,,,,,,,,,,,,,,
1423991880,node,Nagoya,35.1249138,136.9094530,熱田神宮宝物館,museum,,,Atsuta Shrine Treasure Hall,,,,,,"National-Land Numerical Information (Public Facility) 2006, MLIT Japan",国土数値情報（公共施設データ）平成19年　国土交通省,KSJ2,http://nlftp.mlit.go.jp/ksj/jpgis/datalist/KsjTmplt-P02-v2_0.html,Q11569116,ja:熱田神宮宝物館,,Category:Atsuta Jingu Museum,,,,,,,,,,,,,,,,,,,,,,,,,,,,,,,,,,,,,,,,,,,,,,,,,,,,,,,,,,,,,,,,,,,,,,,,,,
1423996699,node,Nagoya,35.2987820,136.8777990,舩橋楽器資料館,museum,,,,,,八剱町石橋11,愛知県岩倉市,民間,"National-Land Numerical Information (Public Facility) 2006, MLIT Japan",国土数値情報（公共施設データ）平成19年　国土交通省,KSJ2,http://nlftp.mlit.go.jp/ksj/jpgis/datalist/KsjTmplt-P02-v2_0.html,,,,,,,,,,,,,,,,,,,,,,,,,,,,,,,,,,,,,,,,,,,,,,,,,,,,,,,,,,,,,,,,,,,,,,,,,,,,,,
1877383205,node,Nagoya,35.1178933,136.8109592,きりふき山,attraction,,,,,,,,,,,,,,,,,,,,,,,,,,,,water_slide,,,,,,,,,,,,,,,,,,,,,,,,,,,,,,,,,,,,,,,,,,,,,,,,,,,,,,,,,,,,,,
1936909576,node,Nagoya,35.2183816,136.8934344,純金歴史人物館,museum,,,,,,,,,,,,,,,,,,,,,,,,,,,,,,,,,,,,,,,,,,,,,,,,,,,,,,,,,,,,,,,,,,,,,,,,,,,,,,,,,,,,,,,,,,
1970774705,node,Nagoya,35.2500663,136.9319226,基地広報資料館,museum,,,,,,,,,,,,,,,,,,,,,,,,,,,,,,,,,,,,,,,,,,,,,,,,,,,,,,,,,,,,,,,,,,,,,,,,,,,,,,,,,,,,,,,,,,
2296860670,node,Nagoya,35.1188975,136.9208745,ブラザーコミュニケーションスペース (Brother Communication Space),museum,,,,,,,,,,,,,,,,,,,,,,,,,,,,,,,,,,,,,,,,,,,,,,,,,,,,,,,,,,,,,,,,,,,,,,,,,,,,,,,,,,,,,,,,,,
2397979732,node,Nagoya,35.1695590,136.9078152,ギャラリー彩,museum,,,,,,,,,,,,,,,,,,,,,,,,,,,,,arts_centre,갤러리 아야,,,,,,,,,,,,,,,,,,,,,,,,,,,,,,,,,,,,,,,,,,,,,,,,,,,,,,,,,,,,
2398916656,node,Nagoya,35.1628304,136.8970539,ART SPACE A-1,museum,,,,,,,,,,,,,,,,,,,,,,,,,,,,,arts_centre,,1,,,,,,,,,,,,,,,,,,,,,,,,,,,,,,,,,,,,,,,,,,,,,,,,,,,,,,,,,,,
2398996780,node,Nagoya,35.1685054,136.9075549,名古屋栄三越 ＜7階＞,museum,,,,,,,,,,,,,,,,,,,,,,,,,,,,,,,,,,,,,,,,,,,,,,,,,,,,,,,,,,,,,,,,,,,,,,,,,,,,,,,,,,,,,,,,,,
2399101666,node,Nagoya,35.1694371,136.9065128,ギャラリータマミジアム,museum,,,,,,,,,,,,,,,,,,,,,,,,,,,,,,갤러리 타마미지아,,,,,,,,,,,,,,,,,,,,,,,,,,,,,,,,,,,,,,,,,,,,,,,,,,,,,,,,,,,,
2400054493,node,Nagoya,35.1758603,136.8935898,gallery+cafe blanka,museum,,,,,,,,,,,,,,,,,,,,,,,,,,,,,,,,,,,,,,,,,,,,,,,,,,,,,,,,,,,,,,,,,,,,,,,,,,,,,,,,,,,,,,,,,,
2400054494,node,Nagoya,35.1758289,136.8940909,ギャラリー蓬庵,museum,,,,,,,,,,,,,,,,,,,,,,,,,,,,,,,,,,,,,,,,,,,,,,,,,,,,,,,,,,,,,,,,,,,,,,,,,,,,,,,,,,,,,,,,,,
2400056868,node,Nagoya,35.1687520,136.9012840,旧名古屋銀行本店,museum,,,,,,,,,,,,,,,,,,,,,,,,,,,,,,,,history,,,,,,,,,,,,,,,,,,,,,,,,,,,,,,,,,,,,,,,,,,,,,,,,,,,,,,,,,,
2400060590,node,Nagoya,35.1727972,136.8902827,松島画廊,museum,,,,,,,,,,,,,,,,,,,,,,,,,,,,,,,,,,,,,,,,,,,,,,,,,,,,,,,,,,,,,,,,,,,,,,,,,,,,,,,,,,,,,,,,,,
2400066605,node,Nagoya,35.1768444,136.8872770,AIN SOPH DISPATCH,museum,,,,,,,,,,,,,,,,,,,,,,,,,,,,,,,,,,,,,,,,,,,,,,,,,,,,,,,,,,,,,,,,,,,,,,,,,,,,,,,,,,,,,,,,,,
2400098888,node,Nagoya,35.1693461,136.8905275,ウエストベスギャラリー　コヅカ,museum,,,,,,,,,,,,,,,,,,,,,,,,,,,,,,,,,,,,,,,,,,,,,,,,,,,,,,,,,,,,,,,,,,,,,,,,,,,,,,,,,,,,,,,,,,
2400117369,node,Nagoya,35.1723758,136.8987496,画廊松徳,museum,,,,,,,,,,,,,,,,,,,,,,,,,,,,,,,,,,,,,,,,,,,,,,,,,,,,,,,,,,,,,,,,,,,,,,,,,,,,,,,,,,,,,,,,,,
2400123210,node,Nagoya,35.1714571,136.9012417,STANDING PINE,museum,,,,,,,,,,,,,,,,,,,,,,,,,,,,,,,,,,,,,,,,,,,,,,,,,,,,,,,,,,,,,,,,,,,,,,,,,,,,,,,,,,,,,,,,,,
2400123211,node,Nagoya,35.1715379,136.9008994,YEBISU ART LABO,museum,,,,,,,,,,,,,,,,,,,,,,,,,,,,,,,,,,,,,,,,,,,,,,,,,,,,,,,,,,,,,,,,,,,,,,,,,,,,,,,,,,,,,,,,,,
2400127034,node,Nagoya,35.1709154,136.9005199,N-MARK B1,museum,no,,,,,,,,,,,,,,,,,,,,,,,,,,,,,,,,,,,,,,,,,,,,,,,,,,,,,,,,,,,,,,,,,,,,,,,,,,,,,,,,,,,,,,,,,
2400129643,node,Nagoya,35.1699680,136.8983921,ぎゃらり壷中天・mu-jo,museum,,,,,,,,,,,,,,,,,,,,,,,,,,,,,,,,,,,,,,,,,,,,,,,,,,,,,,,,,,,,,,,,,,,,,,,,,,,,,,,,,,,,,,,,,,
2400134510,node,Nagoya,35.1696403,136.9000073,夢画廊,museum,,,,,,,,,,,,,,,,,,,,,,,,,,,,,,,,,,,,,,,,,,,,,,,,,,,,,,,,,,,,,,,,,,,,,,,,,,,,,,,,,,,,,,,,,,
2400134513,node,Nagoya,35.1696613,136.9003150,長者町画廊,museum,,,,,,,,,,,,,,,,,,,,,,,,,,,,,,,,,,,,,,,,,,,,,,,,,,,,,,,,,,,,,,,,,,,,,,,,,,,,,,,,,,,,,,,,,,
2400163927,node,Nagoya,35.1694844,136.9035046,ギャラリー4CATS,museum,,,,,,,,,,,,,,,,,,,,,,,,,,,,,,,,,,,,,,,,,,,,,,,,,,,,,,,,,,,,,,,,,,,,,,,,,,,,,,,,,,,,,,,,,,
2400176369,node,Nagoya,35.1712160,136.9045396,名古屋芸術大学アートスペース　T.A.G.IZUTO,museum,yes,,,,,,,,,,,,,,,,,,,,,,,,,,,,,,,,,,,,,,,,,,,,,,,,,,,,,,,,,,,,,,,,,,,,,,,,,,,,,,,,,,,,,,,,,
2400188466,node,Nagoya,35.1714147,136.9069999,ガレリア・デ・アルテ,museum,,,,,,,,,,,,,,,,,,,,,,,,,,,,,,,,,,,,,,,,,,,,,,,,,,,,,,,,,,,,,,,,,,,,,,,,,,,,,,,,,,,,,,,,,,
2400188470,node,Nagoya,35.1696426,136.9000472,夢画廊,museum,,,,,,,,,,,,,,,,,,,,,,,,,,,,,,,,,,,,,,,,,,,,,,,,,,,,,,,,,,,,,,,,,,,,,,,,,,,,,,,,,,,,,,,,,,
2400190736,node,Nagoya,35.1687666,136.9102042,名古屋市民ギャラリー栄,gallery,,,Nagoya Citizens' Gallery Sakae,,,,,,,,,,Q100348179,,Tu-Sa 09:30-19:00; Su 9:30-17:00,Category:Nagoya Citizens' Gallery Sakae,,,8,名古屋市,4,,愛知県,栄,中区,,,,,,,,7,https://www.facebook.com/市民ギャラリー栄-518871571457050/,https://www.instagram.com/citizen.gallery.sakae/,+81-52-265-0461,Nagoya Shimin Gyareri Sakae,https://www.bunka758.or.jp/scd18_top.html,,,,,,,,,,,,,,,,,,,,,,,,,,,,,,,,,,,,,,,,,,,,,,,,,,,,
2400190739,node,Nagoya,35.1685160,136.9102058,栄サンシティーギャラリー,museum,,,Sakae Sun City Gallery,,,,,,,,,,,,,,,,,,,,,,,,,,,,,,,,,,,,,,,,,,,,,,,,,,,,,,,,,,,,,,,,,,,,,,,,,,,,,,,,,,,,,,,
2400192708,node,Nagoya,35.1699594,136.9117455,フォトサロン　サン・ルゥ,museum,yes,,,,,,,,,,,,,,,,,,,,,,,,,,,,,,,,,,,,,,,,,,,,,,,,,,,,,,,,,,,,,,,,,,,,,,,,,,,,,,,,,,,,,,,,,
2400195873,node,Nagoya,35.1759688,136.9091268,セントラル・アートギャラリー,museum,,,,,,,,,,,,,,,,,,,,,,,,,,,,,,,,,,,,,,,,,,,,,,,,,,,,,,,,,,,,,,,,,,,,,,,,,,,,,,,,,,,,,,,,,,
2400197319,node,Nagoya,35.1687334,136.8971053,ギャラリー名芳洞,museum,,,,,,,,,,,,,,,,,,,,,,,,,,,,,,,,,,,,,,,,,,,,,,,,,,,,,,,,,,,,,,,,,,,,,,,,,,,,,,,,,,,,,,,,,,
2400199730,node,Nagoya,35.1678538,136.8960033,アートシップ,museum,,,,,,,,,,,,,,,,,,,,,,,,,,,,,,,,,,,,,,,,,,,,,,,,,,,,,,,,,,,,,,,,,,,,,,,,,,,,,,,,,,,,,,,,,,
2400200210,node,Nagoya,35.1658926,136.8955558,ギャラリー A・C・S,museum,,,,,,,,,,,,,,,,,,,,,,,,,,,,,,,,,,,,,,,,,,,,,,,,,,,,,,,,,,,,,,,,,,,,,,,,,,,,,,,,,,,,,,,,,,
2400224040,node,Nagoya,35.1660184,136.8974370,名古屋画廊,museum,,,,,,,,,,,,,,,,,,,,,,,,,,,,,,,,,,,,,,,,,,,,,,,,,,,,,,,,,,,,,,,,,,,,,,,,,,,,,,,,,,,,,,,,,,
2400225453,node,Nagoya,35.1678484,136.8983742,さいとう画廊,museum,,,,,,,,,,,,,,,,,,,,,,,,,,,,,,,,,,,,,,,,,,,,,,,,,,,,,,,,,,,,,,,,,,,,,,,,,,,,,,,,,,,,,,,,,,
2400225454,node,Nagoya,35.1677748,136.8979868,弥栄画廊,museum,,,,,,,,,,,,,,,,,,,,,,,,,,,,,,,,,,,,,,,,,,,,,,,,,,,,,,,,,,,,,,,,,,,,,,,,,,,,,,,,,,,,,,,,,,
2401049828,node,Nagoya,35.1686741,136.9006470,日動画廊,museum,,,,,,,,,,,,,,,,,,,,,,,,,,,,,,,,,,,,,,,,,,,,,,,,,,,,,,,,,,,,,,,,,,,,,,,,,,,,,,,,,,,,,,,,,,
2401052024,node,Nagoya,35.1670275,136.9014492,岩勝画廊,museum,,,,,,,,,,,,,,,,,,,,,,,,,,,,,,,,,,,,,,,,,,,,,,,,,,,,,,,,,,,,,,,,,,,,,,,,,,,,,,,,,,,,,,,,,,
2401055655,node,Nagoya,35.1651364,136.9026806,KENJI TAKI GALLERY,museum,,,,,,,,,,,,,,,,,,,,,,,,,,,,,,,,,,,,,,,,,,,,,,,,,,,,,,,,,,,,,,,,,,,,,,,,,,,,,,,,,,,,,,,,,,
2401055659,node,Nagoya,35.1649589,136.9026432,ギャラリー聚,museum,,,,,,,,,,,,,,,,,,,,,,,,,,,,,,,,,,,,,,,,,,,,,,,,,,,,,,,,,,,,,,,,,,,,,,,,,,,,,,,,,,,,,,,,,,
2401055662,node,Nagoya,35.1651553,136.9026824,ギャラリー顕美子,museum,,,,,,,,,,,,,,,,,,,,,,,,,,,,,,,,,,,,,,,,,,,,,,,,,,,,,,,,,,,,,,,,,,,,,,,,,,,,,,,,,,,,,,,,,,
2401060464,node,Nagoya,35.1655883,136.9050638,国際デザインセンター,museum,,,International Design Center Nagoya,,,,,,,,,,Q6050127,en:International Design Centre Nagoya,,,,,,,,,,,,,,,,,,,,,,,,,,,,,,,,,,,,,,,,,,,,,,,,,,,,,,,,,,,,,,,,,,,,,,,,,,,,
2401065045,node,Nagoya,35.1643918,136.9065189,ギャルリーくさ笛,museum,,,,,,,,,,,,,,,,,,,,,,,,,,,,,,,,,,,,,,,,,,,,,,,,,,,,,,,,,,,,,,,,,,,,,,,,,,,,,,,,,,,,,,,,,,
2401065046,node,Nagoya,35.1650321,136.9069123,橋本美術,museum,,,,,,,,,,,,,,,,,,,,,,,,,,,,,,하시모토 미술,,,,,,,,,,,,,,,,,,,,,,,,,,,,,,,,,,,,,,,,,,,,,,,,,,,,,,,,,,,,
2401065936,node,Nagoya,35.1662610,136.9069486,妙香園画廊,museum,,,,,,,,,,,,,,,,,,,,,,,,,,,,,,,,,,,,,,,,,,,,,,,,,,,,,,,,,,,,,,,,,,,,,,,,,,,,,,,,,,,,,,,,,,
2401067269,node,Nagoya,35.1656329,136.9120645,サロンギャラリー余白,museum,,,,,,,,,,,,,,,,,,,,,,,,,,,,,,,,,,,,,,,,,,,,,,,,,,,,,,,,,,,,,,,,,,,,,,,,,,,,,,,,,,,,,,,,,,
2401069301,node,Nagoya,35.1668472,136.9145239,GALLERY MOCA,museum,,,,,,,,,,,,,,,,,,,,,,,,,,,,,,,,,,,,,,,,,,,,,,,,,,,,,,,,,,,,,,,,,,,,,,,,,,,,,,,,,,,,,,,,,,
2401069758,node,Nagoya,35.1640779,136.9082523,ギャラリー尋屋,museum,,,,,,,,,,,,,,,,,,,,,,,,,,,,,,,,,,,,,,,,,,,,,,,,,,,,,,,,,,,,,,,,,,,,,,,,,,,,,,,,,,,,,,,,,,
2401070086,node,Nagoya,35.1589700,136.9096314,ガレリア　フィナルテ,museum,,,,,,,,,,,,,,,,,,,,,,,,,,,,,,,,,,,,,,,,,,,,,,,,,,,,,,,,,,,,,,,,,,,,,,,,,,,,,,,,,,,,,,,,,,
4077844981,node,Nagoya,35.1786445,136.8798837,ノリタケミュージアム,museum,,,Noritake Museum,,,,,,,,,,,,,,,,,,,,,,,,,,,,,,,,,,,,,,,,,,,,,,,,,,,,,,,,,,,,,,,,,,,,,,,,,,,,,,,,,,,,,,,
4079296324,node,Nagoya,35.1784030,136.8813799,ノリタケの森　ギャラリー,museum,,,Noritake Gallery,,,,,,,,,,,,Tu-Su 10:00-18:00,,,,,,,,,,,,,,,,,,,,,,,,,,,,,,,,,,,,,,,,,,,,,,,,,,,,,,,,,,,,,,,,,,,,,,,,,,,
4315663702,node,Nagoya,35.1706509,136.9557387,揚輝荘,viewpoint,,,,,,,,,,,,,,,,,,,,,,,,,,,,,,,,,,,,,,,,,,,,,,,,,,,,,,,,,,,,,,,,,,,,,,,,,,,,,,,,,,,,,,,,,,
4485306897,node,Nagoya,35.1253921,136.9089619,,attraction,,,Atsuta Jingu,,,,,,,,,,,,,,,,,,,,,,,,,,,,,,,,,,,,,,,,,,,,,,,,,,,,,,,,,,,,,,,,,,,,,,,,,,,,,,,,,,,,,,,
4571849689,node,Nagoya,35.1526702,136.8973576,,attraction,,,,,,,,,,,,,,,,,,,,,,,,,,,,,,,,,,,,,,,松原宾馆,,,,,,,,,,,,,,,,,,,,,,,,,,,,,,,,,,,,,,,,,,,,,,,,,,,
4872715799,node,Nagoya,35.0653145,136.9552978,展望台,viewpoint,,,,,,,,,,,,,,,,,,,,,,,,,,,,,,,,,,,,,,,,,,,,,,,,,,,,,,,,,,,,,,,,,,,,,,,,,,,,,,,,,,,,,,,,,,
4875044179,node,Nagoya,35.0587701,136.9565775,,viewpoint,,,,,,,,,,,,,,,,,,,,,,,,,,,,,,,,,,,,,,,,,,,,,,,,,,,,,,,,,,,,,,,,,,,,,,,,,,,,,,,,,,,,,,,,,,
4875044180,node,Nagoya,35.0584561,136.9581774,,viewpoint,,,,,,,,,,,,,,,,,,,,,,,,,,,,,,,,,,,,,,,,,,,,,,,,,,,,,,,,,,,,,,,,,,,,,,,,,,,,,,,,,,,,,,,,,,
4875044181,node,Nagoya,35.0584177,136.9562113,,viewpoint,,,,,,,,,,,,,,,,,,,,,,,,,,,,,,,,,,,,,,,,,,,,,,,,,,,,,,,,,,,,,,,,,,,,,,,,,,,,,,,,,,,,,,,,,,
4875044182,node,Nagoya,35.0586548,136.9583491,,viewpoint,,,,,,,,,,,,,,,,,,,,,,,,,,,,,,,,,,,,,,,,,,,,,,,,,,,,,,,,,,,,,,,,,,,,,,,,,,,,,,,,,,,,,,,,,,
4875044183,node,Nagoya,35.0583013,136.9572480,,viewpoint,,,,,,,,,,,,,,,,,,,,,,,,,,,,,,,,,,,,,,,,,,,,,,,,,,,,,,,,,,,,,,,,,,,,,,,,,,,,,,,,,,,,,,,,,,
4875044184,node,Nagoya,35.0586142,136.9574599,,viewpoint,,,,,,,,,,,,,,,,,,,,,,,,,,,,,,,,,,,,,,,,,,,,,,,,,,,,,,,,,,,,,,,,,,,,,,,,,,,,,,,,,,,,,,,,,,
4875044185,node,Nagoya,35.0584001,136.9570039,,viewpoint,,,,,,,,,,,,,,,,,,,,,,,,,,,,,,,,,,,,,,,,,,,,,,,,,,,,,,,,,,,,,,,,,,,,,,,,,,,,,,,,,,,,,,,,,,
4875044186,node,Nagoya,35.0581004,136.9581774,,viewpoint,,,,,,,,,,,,,,,,,,,,,,,,,,,,,,,,,,,,,,,,,,,,,,,,,,,,,,,,,,,,,,,,,,,,,,,,,,,,,,,,,,,,,,,,,,
4875044501,node,Nagoya,35.0585878,136.9565386,,viewpoint,,,,,,,,,,,,,,,,,,,,,,,,,,,,,,,,,,,,,,,,,,,,,,,,,,,,,,,,,,,,,,,,,,,,,,,,,,,,,,,,,,,,,,,,,,
4875044502,node,Nagoya,35.0590731,136.9566941,,viewpoint,,,,,,,,,,,,,,,,,,,,,,,,,,,,,,,,,,,,,,,,,,,,,,,,,,,,,,,,,,,,,,,,,,,,,,,,,,,,,,,,,,,,,,,,,,
4875044503,node,Nagoya,35.0586032,136.9579816,,viewpoint,,,,,,,,,,,,,,,,,,,,,,,,,,,,,,,,,,,,,,,,,,,,,,,,,,,,,,,,,,,,,,,,,,,,,,,,,,,,,,,,,,,,,,,,,,
4875044504,node,Nagoya,35.0586493,136.9586978,,viewpoint,,,,,,,,,,,,,,,,,,,,,,,,,,,,,,,,,,,,,,,,,,,,,,,,,,,,,,,,,,,,,,,,,,,,,,,,,,,,,,,,,,,,,,,,,,
4875044505,node,Nagoya,35.0582673,136.9566190,,viewpoint,,,,,,,,,,,,,,,,,,,,,,,,,,,,,,,,,,,,,,,,,,,,,,,,,,,,,,,,,,,,,,,,,,,,,,,,,,,,,,,,,,,,,,,,,,
4875044506,node,Nagoya,35.0582805,136.9585100,,viewpoint,,,,,,,,,,,,,,,,,,,,,,,,,,,,,,,,,,,,,,,,,,,,,,,,,,,,,,,,,,,,,,,,,,,,,,,,,,,,,,,,,,,,,,,,,,
4875044507,node,Nagoya,35.0583771,136.9577134,,viewpoint,,,,,,,,,,,,,,,,,,,,,,,,,,,,,,,,,,,,,,,,,,,,,,,,,,,,,,,,,,,,,,,,,,,,,,,,,,,,,,,,,,,,,,,,,,
4875044508,node,Nagoya,35.0631677,136.9579816,,viewpoint,,,,,,,,,,,,,,,,,,,,,,,,,,,,,,,,,,,,,,,,,,,,,,,,,,,,,,,,,,,,,,,,,,,,,,,,,,,,,,,,,,,,,,,,,,
4875044509,node,Nagoya,35.0633323,136.9581667,,viewpoint,,,,,,,,,,,,,,,,,,,,,,,,,,,,,,,,,,,,,,,,,,,,,,,,,,,,,,,,,,,,,,,,,,,,,,,,,,,,,,,,,,,,,,,,,,
4875044510,node,Nagoya,35.0628932,136.9580326,,viewpoint,,,,,,,,,,,,,,,,,,,,,,,,,,,,,,,,,,,,,,,,,,,,,,,,,,,,,,,,,,,,,,,,,,,,,,,,,,,,,,,,,,,,,,,,,,
4875044511,node,Nagoya,35.0630557,136.9581157,,viewpoint,,,,,,,,,,,,,,,,,,,,,,,,,,,,,,,,,,,,,,,,,,,,,,,,,,,,,,,,,,,,,,,,,,,,,,,,,,,,,,,,,,,,,,,,,,
4875044512,node,Nagoya,35.0637560,136.9585851,,viewpoint,,,,,,,,,,,,,,,,,,,,,,,,,,,,,,,,,,,,,,,,,,,,,,,,,,,,,,,,,,,,,,,,,,,,,,,,,,,,,,,,,,,,,,,,,,
4875044513,node,Nagoya,35.0635079,136.9586817,,viewpoint,,,,,,,,,,,,,,,,,,,,,,,,,,,,,,,,,,,,,,,,,,,,,,,,,,,,,,,,,,,,,,,,,,,,,,,,,,,,,,,,,,,,,,,,,,
4875044514,node,Nagoya,35.0635211,136.9584429,,viewpoint,,,,,,,,,,,,,,,,,,,,,,,,,,,,,,,,,,,,,,,,,,,,,,,,,,,,,,,,,,,,,,,,,,,,,,,,,,,,,,,,,,,,,,,,,,
4875044515,node,Nagoya,35.0632467,136.9584751,,viewpoint,,,,,,,,,,,,,,,,,,,,,,,,,,,,,,,,,,,,,,,,,,,,,,,,,,,,,,,,,,,,,,,,,,,,,,,,,,,,,,,,,,,,,,,,,,
4875044516,node,Nagoya,35.0633938,136.9586790,,viewpoint,,,,,,,,,,,,,,,,,,,,,,,,,,,,,,,,,,,,,,,,,,,,,,,,,,,,,,,,,,,,,,,,,,,,,,,,,,,,,,,,,,,,,,,,,,
4875044517,node,Nagoya,35.0631742,136.9582471,,viewpoint,,,,,,,,,,,,,,,,,,,,,,,,,,,,,,,,,,,,,,,,,,,,,,,,,,,,,,,,,,,,,,,,,,,,,,,,,,,,,,,,,,,,,,,,,,
4875044518,node,Nagoya,35.0633696,136.9583517,,viewpoint,,,,,,,,,,,,,,,,,,,,,,,,,,,,,,,,,,,,,,,,,,,,,,,,,,,,,,,,,,,,,,,,,,,,,,,,,,,,,,,,,,,,,,,,,,
4875044519,node,Nagoya,35.0635782,136.9583142,,viewpoint,,,,,,,,,,,,,,,,,,,,,,,,,,,,,,,,,,,,,,,,,,,,,,,,,,,,,,,,,,,,,,,,,,,,,,,,,,,,,,,,,,,,,,,,,,
4875044520,node,Nagoya,35.0628735,136.9582445,,viewpoint,,,,,,,,,,,,,,,,,,,,,,,,,,,,,,,,,,,,,,,,,,,,,,,,,,,,,,,,,,,,,,,,,,,,,,,,,,,,,,,,,,,,,,,,,,
4875045621,node,Nagoya,35.0631062,136.9583973,,viewpoint,,,,,,,,,,,,,,,,,,,,,,,,,,,,,,,,,,,,,,,,,,,,,,,,,,,,,,,,,,,,,,,,,,,,,,,,,,,,,,,,,,,,,,,,,,
4875045622,node,Nagoya,35.0636550,136.9586307,,viewpoint,,,,,,,,,,,,,,,,,,,,,,,,,,,,,,,,,,,,,,,,,,,,,,,,,,,,,,,,,,,,,,,,,,,,,,,,,,,,,,,,,,,,,,,,,,
4875047349,node,Nagoya,35.0627900,136.9576624,,viewpoint,,,,,,,,,,,,,,,,,,,,,,,,,,,,,,,,,,,,,,,,,,,,,,,,,,,,,,,,,,,,,,,,,,,,,,,,,,,,,,,,,,,,,,,,,,
4875047350,node,Nagoya,35.0629371,136.9573218,,viewpoint,,,,,,,,,,,,,,,,,,,,,,,,,,,,,,,,,,,,,,,,,,,,,,,,,,,,,,,,,,,,,,,,,,,,,,,,,,,,,,,,,,,,,,,,,,
4875047351,node,Nagoya,35.0624915,136.9573271,,viewpoint,,,,,,,,,,,,,,,,,,,,,,,,,,,,,,,,,,,,,,,,,,,,,,,,,,,,,,,,,,,,,,,,,,,,,,,,,,,,,,,,,,,,,,,,,,
4875047352,node,Nagoya,35.0629327,136.9577590,,viewpoint,,,,,,,,,,,,,,,,,,,,,,,,,,,,,,,,,,,,,,,,,,,,,,,,,,,,,,,,,,,,,,,,,,,,,,,,,,,,,,,,,,,,,,,,,,
4875047353,node,Nagoya,35.0625551,136.9576302,,viewpoint,,,,,,,,,,,,,,,,,,,,,,,,,,,,,,,,,,,,,,,,,,,,,,,,,,,,,,,,,,,,,,,,,,,,,,,,,,,,,,,,,,,,,,,,,,
4875047354,node,Nagoya,35.0626847,136.9574425,,viewpoint,,,,,,,,,,,,,,,,,,,,,,,,,,,,,,,,,,,,,,,,,,,,,,,,,,,,,,,,,,,,,,,,,,,,,,,,,,,,,,,,,,,,,,,,,,
4875047355,node,Nagoya,35.0627330,136.9578448,,viewpoint,,,,,,,,,,,,,,,,,,,,,,,,,,,,,,,,,,,,,,,,,,,,,,,,,,,,,,,,,,,,,,,,,,,,,,,,,,,,,,,,,,,,,,,,,,
4875047356,node,Nagoya,35.0628383,136.9572708,,viewpoint,,,,,,,,,,,,,,,,,,,,,,,,,,,,,,,,,,,,,,,,,,,,,,,,,,,,,,,,,,,,,,,,,,,,,,,,,,,,,,,,,,,,,,,,,,
4922289890,node,Nagoya,35.0503982,136.8445917,オブザベーション・タワー,attraction,,,Observation Tower,,,,,,,,,,,,,,,,,,,,,,,,,drop_tower,,,,,,,,,,,,,,,,,,,,,,,,,,,,,,,,,,,,,,,,,,,,,,,,,,,,,,,,,,,,,,
4922289891,node,Nagoya,35.0505894,136.8440949,ミニランド,attraction,,,Miniland,,,,,,,,,,,,,,,,,,,,,,,,,amusement_ride,,,,,,,,,,,,,,,,,,,,,,,,,,,,,,,,,,,,,,,,,,,,,,,,,,,,,,,,,,,,,,
4922289895,node,Nagoya,35.0502918,136.8419740,レスキュー・アカデミー,attraction,,,Rescue Academy,,,,,,,,,,,,,,,,,,,,,,,,,amusement_ride,,,,,,,,,,,,,,,,,,,,,,,,,,,,,,,,,,,,,,,,,,,,,,,,,,,,,,,,,,,,,,
4922289897,node,Nagoya,35.0500492,136.8428420,ザ・ドラゴン,attraction,,,The Dragon,,,,,,,,,,,,,,,,,,,,,,,,,roller_coaster,,,,,,,,,,,,,,,,,,,,,,,,,,,,,,,,,,,,,,,,,,,,,,,,,,,,,,,,,,,,,,
4922289898,node,Nagoya,35.0508664,136.8451153,ビルド・アンド・テスト,attraction,,,Build+Test,,,,,,,,,,,,,,,,,,,,,,,,,amusement_ride,,,,,,,,,,,,,,,,,,,,,,,,,,,,,,,,,,,,,,,,,,,,,,,,,,,,,,,,,,,,,,
4922289899,node,Nagoya,35.0512931,136.8448004,レゴニンジャゴー・ライブ,attraction,,,Ninjago,,,,,,,,,,,,,,,,,,,,,,,,,amusement_ride,,,,,,,,,,,,,,,,,,,,,,,,,,,,,,,,,,,,,,,,,,,,,,,,,,,,,,,,,,,,,,
4929666235,node,Nagoya,35.1801397,136.9158910,,museum,,,,,,,,,,,,,,,,,,,,,,,,,,,,,,,,,,,,,,,,,,,,,,,,,,,,,,,,,,,,,,,,,,,,,,,,,,,,,,,,,,,,,,,,,,
5038235886,node,Nagoya,35.1518357,136.8983939,印章歴史館,museum,,,,,,,,,,,,,Q21652519,ja:印章歴史館,,,,,,,,,,,,,,,,,,,,,,,,,,,,,,,,,,,,,,,,,,,,,,,,,,,,,,,,,,,,,,,,,,,,,,,,,,,,
5151476825,node,Nagoya,35.1624007,136.9110756,Spazio Rita,attraction,,,,,,,,,,,,,,,,,,,,,,,,,,,,,,,,,,,,,,https://spazio-rita.com/,,,,,,,,,,,,,,,,,,,,,,,,,,,,,,,,,,,,,,,,,,,,,,,,,,,,
5212664518,node,Nagoya,35.1593589,136.9010990,大須,attraction,,,Osu Shopping Street,,,,,,,,,,Q8081716,en:Ōsu,,,,,,,,,,,,,,,,,,,,,,,,,,retail,,,,,,,,,,,,,,,,,,,,,,,,,,,,,,,,,,,,,,,,,,,,,,,,,,
5296408386,node,Nagoya,35.1710573,136.9198961,ヤマザキマザック美術館,museum,yes,,Yamazaki Mazak Museum,,,,,,,,,,Q11345132,ja:ヤマザキマザック美術館,,Category:Yamazaki Mazak Museum of Art,,,,,,,,,,,,,,,,,,,,,,https://www.mazak-art.com/english/,,,,,,,,,,,,,,,,,,,,,,,,,,,,,,,,,,,,,,,,,,,,,,,,,,,,
5297266496,node,Nagoya,35.1830174,136.9230892,三菱UFJ銀行貨幣資料館,museum,,,Mitsubishi UFJ Money Museum,,,,,,,,,,Q4856192,ja:三菱UFJ銀行貨幣資料館,,Category:MUFG Bank Money & Ukiyo-e Museum,,,,,,,,,,,,,,,,,,,,,,https://www.bk.mufg.jp/csr/contribution/kids/gallery/index.html,,,,,,,,,,,,,,,,,,,,,,,,,,,,,,,,,,,,,,,,,,,,,,,,,,,,
5336357024,node,Nagoya,35.1947195,136.9119374,ネックス・プラザ,museum,,,,,,,,,,,knowledge,,Q11325393,ja:ネックス・プラザ,,Category:NEX PLAZA,,,,,,,,,,,,,,,,,,,,,,,,,,,,,,,,,,,,,,,,,,,,,,,,,,,,,,,,,,,,,,,,,,,,,,,,,,
5587108721,node,Nagoya,35.1952519,136.8696598,,attraction,,,yoga,,,,,,,,,,,,,,,,,,,,,,,,,,,,,,,,,,,,,,,,,,,,,,,,,,,,,,,,,,,,,,,,,,,,,,,,,,,,,,,,,,,,,,,
5677680199,node,Nagoya,35.1887520,136.9470995,名古屋市役所市民経済局 市民ギャラリー矢田,gallery,,,,,,,,,,,,,,,,,,,,,,,,,,,,,,,,,,,,,,,,,,,,,,,,,,,,,,,,,,,,,,,,,,,,,,,,,,,,,,,,,,,,,,,,,,
5753177330,node,Nagoya,35.1644265,136.9082378,松坂屋美術館,museum,yes,,,,,,,,,,,,,ja:松坂屋美術館,,,,,,,,,,,,,,,,,,,,,,,,,,,,,,,,,,,,,,,,,,,,,,,,,,,,,,,,,,,,,,,,,,,,,,,,,,,,
6398372355,node,Nagoya,35.1711192,136.9096696,オアシス21,viewpoint,,,oasis 21,,,,,,,,,,,,,,,,,,,,,,,,,,,,,,,,,,,,,,,,,,,,,,,,,,,,,,,,,,,,,,,,,,,,,,,,,,,,,,,,,,,,,,,
6398372360,node,Nagoya,35.1723163,136.9083634,,viewpoint,,,,,,,,,,,,,,,,,,,,,,,,,,,,,,,,,,,,,,,,,,,,,,,,,,,,,,,,,,,,,,,,,,,,,,,,,,,,,,,,,,,,,,,,,,
6398525639,node,Nagoya,35.1613585,136.9652181,,viewpoint,,,,,,,,,,,,,,,,,,,,,,,,,,,,,,,,,,,,,,,,,,,,,,,,,,,,,,,,,,,,,,,,,,,,,,,,,,,,,,,,,,,,,,,,,,
6953430086,node,Nagoya,35.1595971,136.9025657,,attraction,,,Koi Pond,,,,,,,,,,,,,,,,,,,,,,,,,,,,,,,,,,,,,,,,,,,,,,,,,,,,,,,,,,,,,,,,,,,,,,,,,,,,,,,,,,,,,,,
7054470245,node,Nagoya,35.1761503,136.8907615,ギャラリー　わや,gallery,,,,,,,,,,,,,,,,,,,,,,,,,,,,,,,4,,,,,,,,,,,,,,,,,,,,,,,,,,,,,,,,,,,,,,,,,,,,,,,,,,,,,,,,,,,
7345757486,node,Nagoya,35.0009978,136.9496690,超ビックスライダー,viewpoint,,,,,,,,,,,,,,,,,,,,,,,,,,,,,,,,,,,,,,,,,,,,,,,,,,,,,,,,,,,,,,,,,,,,,,,,,,,,,,,,,,,,,,,,,,
7628055986,node,Nagoya,35.1818729,136.9148723,百花百草,attraction,,,,,,,,,,,,,,,,,,,,,,,,,,,,,,,,,,,,,,,,,,,,,,,,,,,,,,,,,,,,,,,,,,,,,,,,,,,,,,,,,,,,,,,,,,
7842091185,node,Nagoya,35.1638272,136.9083936,占いの館 千里眼,attraction,,,,,,,,,,,,,,,,,,,,,,,,,,,,,,,,,,,,,,,,,,,,,,,,,,,,,,,,,,,,,,,,,,,,,,,,,,,,,,,,,,,,,,,,,,
9384842991,node,Nagoya,35.1425734,136.9001051,旧名古屋ボストン美術館,museum,,,,,,,,,,,,,,,,,,,１,名古屋市,１丁目１町,,,金山町,中区,,,,,,,nature,,,,,,,,,,,,,,,,,,,,,,,,,,,,,,,,,,,,,,,,,,,,,,,,,,,,,,,,,,
9817775117,node,Nagoya,35.1552551,136.9141123,あいち銭湯資料館,museum,,,,,,,,,,,,,Q56305473,ja:あいち銭湯資料館,Mo-Fr 10:00-16:00,Category:Aichi Sento Museum,,,,,,,,,,,,,,,,,,,,,,,,,,,,,,,,,,,,,,,,,,,,,,,,,,,,,,,,,,,,,,,,,,,,,,,,,,
10680703855,node,Nagoya,35.2502003,136.8854428,昭和日常博物館,museum,,,,,,,,,,,,,Q11514080,ja:昭和日常博物館,,,,,,,,,,,,,,,,,,history,,,,,,,,,北名古屋市 歴史民俗資料館,,,,,,,,,,,,,,,,,,,,,,,,,,,,,,,,,,,,,,,,,,,,,,,,,
11038751182,node,Nagoya,35.1539731,136.9792920,ズーボの石像,attraction,,,,,,,,,,,,,,,,,,,,,,,,,,,,,,,,,,,,,,,,,,statue,stone,,,,,,,,,,,,,,,,,,,,,,,,,,,,,,,,,,,,,,,,,,,,,,,
11045903391,node,Nagoya,35.1571816,136.9755818,セイロンゾウ,attraction,,,,,,,,,,,,,,,,,,,,,,,,,,,,animal,,,,,,,,,,,,,,,,,,,,,,,,,,,,,,,,,,,,,,,,,,,,,,,,,,,,,,,,,,,,,,
11045903392,node,Nagoya,35.1570428,136.9758541,インドゾウ,attraction,,,,,,,,,,,,,,,,,,,,,,,,,,,,animal,,,,,,,,,,,,,,,,,,,,,,,,,,,,,,,,,,,,,,,,,,,,,,,,,,,,,,,,,,,,,,
11045903393,node,Nagoya,35.1569569,136.9761351,セイロンゾウ,attraction,,,,,,,,,,,,,,,,,,,,,,,,,,,,animal,,,,,,,,,,,,,,,,,,,,,,,,,,,,,,,,,,,,,,,,,,,,,,,,,,,,,,,,,,,,,,
11045903394,node,Nagoya,35.1563327,136.9760535,red kangaroo,attraction,,,,,,,,,,,,,,,,,,,,,,,,,,,アカカンガルー,animal,,,,,,,,,,,,,,,,,,,,,,,,,,,,,,,,,,,,,,,,,,,,,,,,,,,,,,,,,,,,,,
11045903395,node,Nagoya,35.1565516,136.9758422,ベネットアカクビワラビー,attraction,,,,,,,,,,,,,,,,,,,,,,,,,,,,animal,,,,,,,,,,,,,,,,,,,,,,,,,,,,,,,,,,,,,,,,,,,,,,,,,,,,,,,,,,,,,,
11045903396,node,Nagoya,35.1567301,136.9764745,スマトラトラ,attraction,,,,,,,,,,,,,,,,,,,,,,,,,,,,animal,,,,,,,,,,,,,,,,,,,,,,,,,,,,,,,,,,,,,,,,,,,,,,,,,,,,,,,,,,,,,,
11045903397,node,Nagoya,35.1563744,136.9766616,スマトラオランウータン,attraction,,,,,,,,,,,,,,,,,,,,,,,,,,,,animal,,,,,,,,,,,,,,,,,,,,,,,,,,,,,,,,,,,,,,,,,,,,,,,,,,,,,,,,,,,,,,
11045903400,node,Nagoya,35.1559314,136.9759208,シセンレッサーパンダ,attraction,,,,,,,,,,,,,,,,,,,,,,,,,,,,animal,,,,,,,,,,,,,,,,,,,,,,,,,,,,,,,,,,,,,,,,,,,,,,,,,,,,,,,,,,,,,,
11045907419,node,Nagoya,35.1547914,136.9772929,giraffe,attraction,,,,,,,,,,,,,,,,,,,,,,,,,,,アミメキリン,animal,,,,,,,,,,,,,,,,,,,,,,,,,,,,,,,,,,,,,,,,,,,,,,,,,,,,,,,,,,,,,,
11045907420,node,Nagoya,35.1545229,136.9783711,koala,attraction,,,,,,,,,,,,,,,,,,,,,,,,,,,コアラ,animal,,,,,,,,,,,,,,,,,,,,,,,,,,,,,,,,,,,,,,,,,,,,,,,,,,,,,,,,,,,,,,
11045907421,node,Nagoya,35.1536240,136.9783389,Tapir,attraction,,,,,,,,,,,,,,,,,,,,,,,,,,,ダチョウ,animal,,,,,,,,,,,,,,,,,,,,,,,,,,,,,,,,,,,,,,,,,,,,,,,,,,,,,,,,,,,,,,
11045907527,node,Nagoya,35.1540647,136.9784449,大型インコ,attraction,,,,,,,,,,,,,,,,,,,,,,,,,,,,animal,,,,,,,,,,,,,,,,,,,,,,,,,,,,,,,,,,,,,,,,,,,,,,,,,,,,,,,,,,,,,,
11045907528,node,Nagoya,35.1557444,136.9778344,honey badger,attraction,,,,,,,,,,,,,,,,,,,,,,,,,,,ラーテル,animal,,,,,,,,,,,,,,,,,,,,,,,,,,,,,,,,,,,,,,,,,,,,,,,,,,,,,,,,,,,,,,
11045907529,node,Nagoya,35.1559024,136.9775230,snow leopard,attraction,,,,,,,,,,,,,,,,,,,,,,,,,,,ユキヒョウ,animal,,,,,,,,,,,,,,,,,,,,,,,,,,,,,,,,,,,,,,,,,,,,,,,,,,,,,,,,,,,,,,
11045907530,node,Nagoya,35.1559574,136.9774333,jaguar,attraction,,,,,,,,,,,,,,,,,,,,,,,,,,,ジャガー,animal,,,,,,,,,,,,,,,,,,,,,,,,,,,,,,,,,,,,,,,,,,,,,,,,,,,,,,,,,,,,,,
11045907532,node,Nagoya,35.1558089,136.9776741,manul cat,attraction,,,,,,,,,,,,,,,,,,,,,,,,,,,マヌルネコ,animal,,,,,,,,,,,,,,,,,,,,,,,,,,,,,,,,,,,,,,,,,,,,,,,,,,,,,,,,,,,,,,
11047498107,node,Nagoya,35.1551515,136.9771703,エゾヒグマ,attraction,,,,,,,,,,,,,,,,,,,,,,,,,,,,animal,,,,,,,,,,,,,,,,,,,,,,,,,,,,,,,,,,,,,,,,,,,,,,,,,,,,,,,,,,,,,,
11047498108,node,Nagoya,35.1554782,136.9766551,マレーグマ,attraction,,,,,,,,,,,,,,,,,,,,,,,,,,,,animal,,,,,,,,,,,,,,,,,,,,,,,,,,,,,,,,,,,,,,,,,,,,,,,,,,,,,,,,,,,,,,
11047498109,node,Nagoya,35.1554162,136.9767898,マレーグマ,attraction,,,,,,,,,,,,,,,,,,,,,,,,,,,,animal,,,,,,,,,,,,,,,,,,,,,,,,,,,,,,,,,,,,,,,,,,,,,,,,,,,,,,,,,,,,,,
11047498130,node,Nagoya,35.1568516,136.9763410,コサンケイ,attraction,,,,,,,,,,,,,,,,,,,,,,,,,,,,animal,,,,,,,,,,,,,,,,,,,,,,,,,,,,,,,,,,,,,,,,,,,,,,,,,,,,,,,,,,,,,,
11047498224,node,Nagoya,35.1587300,136.9768633,旧パンラボ,attraction,,,,,,,,,,,,,,,,,,,,,,,,,,,,,research_institute,,,,,,,,,,,,,,,,,,,,,,,,,,,,,,,,,,,,,,,,,,,,,,,,,,,,,,,,,,,,,
11047498235,node,Nagoya,35.1572880,136.9753554,コツメカワウソ,attraction,,,,,,,,,,,,,,,,,,,,,,,,,,,,animal,,,,,,,,,,,,,,,,,,,,,,,,,,,,,,,,,,,,,,,,,,,,,,,,,,,,,,,,,,,,,,
11047498236,node,Nagoya,35.1571554,136.9782147,ワニ,attraction,,,,,,,,,,,,,,,,,,,,,,,,,,,,animal,,,,,,,,,,,,,,,,,,,,,,,,,,,,,,,,,,,,,,,,,,,,,,,,,,,,,,,,,,,,,,
11047498255,node,Nagoya,35.1573250,136.9765715,パンラボ,attraction,,,,,,,,,,,,,,,,,,,,,,,,,,,,,research_institute,,,,,,,,,,,,,,,東山動植物園,,,,,,,,,,,,,,,,,,,,,,,,,,,,,,,,,,,,,,,,,,,,,,
11047498260,node,Nagoya,35.1581359,136.9761490,マンドリル,attraction,,,,,,,,,,,,,,,,,,,,,,,,,,,,animal,,,,,,,,,,,,,,,,,,,,,,,,,,,,,,,,,,,,,,,,,,,,,,,,,,,,,,,,,,,,,,
11047498262,node,Nagoya,35.1582130,136.9763709,ミュラーテナガザル,attraction,,,,,,,,,,,,,,,,,,,,,,,,,,,,animal,,,,,,,,,,,,,,,,,,,,,,,,,,,,,,,,,,,,,,,,,,,,,,,,,,,,,,,,,,,,,,
11047498263,node,Nagoya,35.1580416,136.9763412,フクロテナガザル,attraction,,,,,,,,,,,,,,,,,,,,,,,,,,,,animal,,,,,,,,,,,,,,,,,,,,,,,,,,,,,,,,,,,,,,,,,,,,,,,,,,,,,,,,,,,,,,
11047498352,node,Nagoya,35.1592509,136.9780318,プレーリードッグ,attraction,,,,,,,,,,,,,,,,,,,,,,,,,,,,animal,,,,,,,,,,,,,,,,,,,,,,,,,,,,,,,,,,,,,,,,,,,,,,,,,,,,,,,,,,,,,,
11047554022,node,Nagoya,35.1569061,136.9773828,カバ,attraction,,,,,,,,,,,,,,,,,,,,,,,,,,,,animal,,,,,,,,,,,,,,,,,,,,,,,,,,,,,,,,,,,,,,,,,,,,,,,,,,,,,,,,,,,,,,
11047554041,node,Nagoya,35.1563145,136.9779337,コビトカバ,attraction,,,,,,,,,,,,,,,,,,,,,,,,,,,,animal,,,,,,,,,,,,,,,,,,,,,,,,,,,,,,,,,,,,,,,,,,,,,,,,,,,,,,,,,,,,,,
11047554042,node,Nagoya,35.1573003,136.9785280,夜行性動物,attraction,,,,,,,,,,,,,,,,,,,,,,,,,,,,animal,,,,,,,,,,,,,,,,,,,,,,,,,,,,,,,,,,,,,,,,,,,,,,,,,,,,,,,,,,,,,,
11047554043,node,Nagoya,35.1574187,136.9783984,爬虫類・両生類,attraction,,,,,,,,,,,,,,,,,,,,,,,,,,,,animal,,,,,,,,,,,,,,,,,,,,,,,,,,,,,,,,,,,,,,,,,,,,,,,,,,,,,,,,,,,,,,
11047554051,node,Nagoya,35.1571658,136.9787679,,attraction,,,,,,,,,,,,,,,,,,,,,,,,,,,,,,,,,,,,,,,,,,,,,playhouse,turtle,,,,,,,,,,,,,,,,,,,,,,,,,,,,,,,,,,,,,,,,,,,,
11047554088,node,Nagoya,35.1589591,136.9770642,ニジキジ,attraction,,,,,,,,,,,,,,,,,,,,,,,,,,,,animal,,,,,,,,,,,,,,,,,,,,,,,,,,,,,,,,,,,,,,,,,,,,,,,,,,,,,,,,,,,,,,
11047554092,node,Nagoya,35.1584781,136.9789174,カピバラ,attraction,,,,,,,,,,,,,,,,,,,,,,,,,,,,animal,,,,,,,,,,,,,,,,,,,,,,,,,,,,,,,,,,,,,,,,,,,,,,,,,,,,,,,,,,,,,,
11047554093,node,Nagoya,35.1583641,136.9791201,オオアリクイ,attraction,,,,,,,,,,,,,,,,,,,,,,,,,,,,animal,,,,,,,,,,,,,,,,,,,,,,,,,,,,,,,,,,,,,,,,,,,,,,,,,,,,,,,,,,,,,,
11047554094,node,Nagoya,35.1582218,136.9790990,ヤブイヌ（臨時休業）,attraction,,,,,,,,,,,,,,,,,,,,,,,,,,,,animal,,,,,,,,,,,,,,,,,,,,,,,,,,,,,,,,,,,,,,,,,,,,,,,,,,,,,,,,,,,,,,
11060843850,node,Nagoya,35.1549627,136.9782576,キバタン,zoo,,,,,,,,,,,,,,,,,,,,,,,,,,,,animal,,,,,,,,,,,,,,,,,,,,,,,,,,,,,,,,,,,,,,,,,,,,,,,,,,,,,,,,,,,,,,
11060843852,node,Nagoya,35.1557653,136.9774061,ぴょんぴょんユキヒョウ,attraction,,,,,,,,,,,,,,,,,,,,,,,,,,,,,,,,,,,,,,,,,,,,,,,,,,,,,,,,,,,,,,,,,,,,,,,,,,,,,,,,,,,,,,,,,,
11061123465,node,Nagoya,35.1591041,136.9773839,タンチョウ,attraction,,,,,,,,,,,,,,,,,,,,,,,,,,,,animal,,,,,,,,,,,,,,,,,,,,,,,,,,,,,,,,,,,,,,,,,,,,,,,,,,,,,,,,,,,,,,
11061123466,node,Nagoya,35.1588723,136.9768764,コンドル,attraction,,,,,,,,,,,,,,,,,,,,,,,,,,,,animal,,,,,,,,,,,,,,,,,,,,,,,,,,,,,,,,,,,,,,,,,,,,,,,,,,,,,,,,,,,,,,
11064333011,node,Nagoya,35.1586838,136.9764396,ヒメコンドル,attraction,,,,,,,,,,,,,,,,,,,,,,,,,,,,animal,,,,,,,,,,,,,,,,,,,,,,,,,,,,,,,,,,,,,,,,,,,,,,,,,,,,,,,,,,,,,,
11068032048,node,Nagoya,35.1570303,136.9772210,カバの顔はめパネル,attraction,,,,,,,,,,,,,,,,,,,,,,,,,,,,,,,,,,,,,,,,,,,,,,,,,,,,,,,,,,,,,,,,,,,,,,,,,,,,,,,,,,,,,,,,,,
11068032049,node,Nagoya,35.1539541,136.9802367,干支の顔はめパネル,attraction,,,,,,,,,,,,,,,,,,,,,,,,,,,,,,,,,,,,,,,,,,,,,,,,,,,,,,,,,,,,,,,,,,,,,,,,,,,,,,,,,,,,,,,,,,
11068032248,node,Nagoya,35.1557805,136.9757542,シセンレッサーパンダ,attraction,,,,,,,,,,,,,,,,,,,,,,,,,,,,animal,,,,,,,,,,,,,,,,,,,,,,,,,,,,,,,,,,,,,,,,,,,,,,,,,,,,,,,,,,,,,,
11068116644,node,Nagoya,35.1539086,136.9783890,クジャク,attraction,,,,,,,,,,,,,,,,,,,,,,,,,,,,animal,,,,,,,,,,,,,,,,,,,,,,,,,,,,,,,,,,,,,,,,,,,,,,,,,,,,,,,,,,,,,,
11068116645,node,Nagoya,35.1566828,136.9763724,,viewpoint,,,,,,,,,,,,,,,,,,,,,,,,,,,,,,,,,,,,,,,,,,,,,,,,,,,,,,,,,,,,,,,,,,,,,,,,,,,,,,,,,,,,,,,,,,
11068116646,node,Nagoya,35.1566125,136.9763597,,viewpoint,,,,,,,,,,,,,,,,,,,,,,,,,,,,,,,,,,,,,,,,,,,,,,,,,,,,,,,,,,,,,,,,,,,,,,,,,,,,,,,,,,,,,,,,,,
11068116647,node,Nagoya,35.1564841,136.9763395,,viewpoint,,,,,,,,,,,,,,,,,,,,,,,,,,,,,,,,,,,,,,,,,,,,,,,,,,,,,,,,,,,,,,,,,,,,,,,,,,,,,,,,,,,,,,,,,,
11068116650,node,Nagoya,35.1561730,136.9768545,,viewpoint,,,,,,,,,,,,,,,,,,,,,,,,,,,,,,,,,,,,,,,,,,,,,,,,,,,,,,,,,,,,,,,,,,,,,,,,,,,,,,,,,,,,,,,,,,
11068116651,node,Nagoya,35.1561807,136.9766099,,viewpoint,,,,,,,,,,,,,,,,,,,,,,,,,,,,,,,,,,,,,,,,,,,,,,,,,,,,,,,,,,,,,,,,,,,,,,,,,,,,,,,,,,,,,,,,,,
11068116652,node,Nagoya,35.1563144,136.9766061,,viewpoint,,,,,,,,,,,,,,,,,,,,,,,,,,,,,,,,,,,,,,,,,,,,,,,,,,,,,,,,,,,,,,,,,,,,,,,,,,,,,,,,,,,,,,,,,,
11068116653,node,Nagoya,35.1565201,136.9764948,,viewpoint,,,,,,,,,,,,,,,,,,,,,,,,,,,,,,,,,,,,,,,,,,,,,,,,,,,,,,,,,,,,,,,,,,,,,,,,,,,,,,,,,,,,,,,,,,
11068116654,node,Nagoya,35.1565811,136.9765577,,viewpoint,,,,,,,,,,,,,,,,,,,,,,,,,,,,,,,,,,,,,,,,,,,,,,,,,,,,,,,,,,,,,,,,,,,,,,,,,,,,,,,,,,,,,,,,,,
11068116655,node,Nagoya,35.1568046,136.9763188,,viewpoint,,,,,,,,,,,,,,,,,,,,,,,,,,,,,,,,,,,,,,,,,,,,,,,,,,,,,,,,,,,,,,,,,,,,,,,,,,,,,,,,,,,,,,,,,,
11068116657,node,Nagoya,35.1567683,136.9758430,,viewpoint,,,,,,,,,,,,,,,,,,,,,,,,,,,,,,,,,,,,,,,,,,,,,,,,,,,,,,,,,,,,,,,,,,,,,,,,,,,,,,,,,,,,,,,,,,
11068116658,node,Nagoya,35.1568367,136.9758520,,viewpoint,,,,,,,,,,,,,,,,,,,,,,,,,,,,,,,,,,,,,,,,,,,,,,,,,,,,,,,,,,,,,,,,,,,,,,,,,,,,,,,,,,,,,,,,,,
11068116659,node,Nagoya,35.1567000,136.9760330,,viewpoint,,,,,,,,,,,,,,,,,,,,,,,,,,,,,,,,,,,,,,,,,,,,,,,,,,,,,,,,,,,,,,,,,,,,,,,,,,,,,,,,,,,,,,,,,,
11068116660,node,Nagoya,35.1567590,136.9762146,,viewpoint,,,,,,,,,,,,,,,,,,,,,,,,,,,,,,,,,,,,,,,,,,,,,,,,,,,,,,,,,,,,,,,,,,,,,,,,,,,,,,,,,,,,,,,,,,
11068116661,node,Nagoya,35.1569271,136.9758013,,viewpoint,,,,,,,,,,,,,,,,,,,,,,,,,,,,,,,,,,,,,,,,,,,,,,,,,,,,,,,,,,,,,,,,,,,,,,,,,,,,,,,,,,,,,,,,,,
11068116662,node,Nagoya,35.1569875,136.9756820,,viewpoint,,,,,,,,,,,,,,,,,,,,,,,,,,,,,,,,,,,,,,,,,,,,,,,,,,,,,,,,,,,,,,,,,,,,,,,,,,,,,,,,,,,,,,,,,,
11068116663,node,Nagoya,35.1570606,136.9755765,,viewpoint,,,,,,,,,,,,,,,,,,,,,,,,,,,,,,,,,,,,,,,,,,,,,,,,,,,,,,,,,,,,,,,,,,,,,,,,,,,,,,,,,,,,,,,,,,
11068116664,node,Nagoya,35.1571520,136.9755085,,viewpoint,,,,,,,,,,,,,,,,,,,,,,,,,,,,,,,,,,,,,,,,,,,,,,,,,,,,,,,,,,,,,,,,,,,,,,,,,,,,,,,,,,,,,,,,,,
11068116665,node,Nagoya,35.1572749,136.9755247,,viewpoint,,,,,,,,,,,,,,,,,,,,,,,,,,,,,,,,,,,,,,,,,,,,,,,,,,,,,,,,,,,,,,,,,,,,,,,,,,,,,,,,,,,,,,,,,,
11068116666,node,Nagoya,35.1573104,136.9753480,,viewpoint,,,,,,,,,,,,,,,,,,,,,,,,,,,,,,,,,,,,,,,,,,,,,,,,,,,,,,,,,,,,,,,,,,,,,,,,,,,,,,,,,,,,,,,,,,
11068116667,node,Nagoya,35.1572618,136.9753897,,viewpoint,,,,,,,,,,,,,,,,,,,,,,,,,,,,,,,,,,,,,,,,,,,,,,,,,,,,,,,,,,,,,,,,,,,,,,,,,,,,,,,,,,,,,,,,,,
11068116668,node,Nagoya,35.1573933,136.9751417,,viewpoint,,,,,,,,,,,,,,,,,,,,,,,,,,,,,,,,,,,,,,,,,,,,,,,,,,,,,,,,,,,,,,,,,,,,,,,,,,,,,,,,,,,,,,,,,,
11068116669,node,Nagoya,35.1575338,136.9750374,,viewpoint,,,,,,,,,,,,,,,,,,,,,,,,,,,,,,,,,,,,,,,,,,,,,,,,,,,,,,,,,,,,,,,,,,,,,,,,,,,,,,,,,,,,,,,,,,
11068116670,node,Nagoya,35.1576747,136.9749093,,viewpoint,,,,,,,,,,,,,,,,,,,,,,,,,,,,,,,,,,,,,,,,,,,,,,,,,,,,,,,,,,,,,,,,,,,,,,,,,,,,,,,,,,,,,,,,,,
11068116671,node,Nagoya,35.1576490,136.9753883,,viewpoint,,,,,,,,,,,,,,,,,,,,,,,,,,,,,,,,,,,,,,,,,,,,,,,,,,,,,,,,,,,,,,,,,,,,,,,,,,,,,,,,,,,,,,,,,,
11068116672,node,Nagoya,35.1578168,136.9753570,,viewpoint,,,,,,,,,,,,,,,,,,,,,,,,,,,,,,,,,,,,,,,,,,,,,,,,,,,,,,,,,,,,,,,,,,,,,,,,,,,,,,,,,,,,,,,,,,
11068116673,node,Nagoya,35.1574461,136.9757311,,viewpoint,,,,,,,,,,,,,,,,,,,,,,,,,,,,,,,,,,,,,,,,,,,,,,,,,,,,,,,,,,,,,,,,,,,,,,,,,,,,,,,,,,,,,,,,,,
11068116674,node,Nagoya,35.1577192,136.9745685,,viewpoint,,,,,,,,,,,,,,,,,,,,,,,,,,,,,,,,,,,,,,,,,,,,,,,,,,,,,,,,,,,,,,,,,,,,,,,,,,,,,,,,,,,,,,,,,,
11068116677,node,Nagoya,35.1579850,136.9751650,,viewpoint,,,,,,,,,,,,,,,,,,,,,,,,,,,,,,,,,,,,,,,,,,,,,,,,,,,,,,,,,,,,,,,,,,,,,,,,,,,,,,,,,,,,,,,,,,
11068116678,node,Nagoya,35.1576662,136.9751294,,viewpoint,,,,,,,,,,,,,,,,,,,,,,,,,,,,,,,,,,,,,,,,,,,,,,,,,,,,,,,,,,,,,,,,,,,,,,,,,,,,,,,,,,,,,,,,,,
11068116679,node,Nagoya,35.1573980,136.9752656,,viewpoint,,,,,,,,,,,,,,,,,,,,,,,,,,,,,,,,,,,,,,,,,,,,,,,,,,,,,,,,,,,,,,,,,,,,,,,,,,,,,,,,,,,,,,,,,,
11068116680,node,Nagoya,35.1584080,136.9741866,,viewpoint,,,,,,,,,,,,,,,,,,,,,,,,,,,,,,,,,,,,,,,,,,,,,,,,,,,,,,,,,,,,,,,,,,,,,,,,,,,,,,,,,,,,,,,,,,
11068116681,node,Nagoya,35.1576986,136.9761776,,viewpoint,,,,,,,,,,,,,,,,,,,,,,,,,,,,,,,,,,,,,,,,,,,,,,,,,,,,,,,,,,,,,,,,,,,,,,,,,,,,,,,,,,,,,,,,,,
11068116682,node,Nagoya,35.1577948,136.9761221,,viewpoint,,,,,,,,,,,,,,,,,,,,,,,,,,,,,,,,,,,,,,,,,,,,,,,,,,,,,,,,,,,,,,,,,,,,,,,,,,,,,,,,,,,,,,,,,,
11068116683,node,Nagoya,35.1577788,136.9766233,,viewpoint,,,,,,,,,,,,,,,,,,,,,,,,,,,,,,,,,,,,,,,,,,,,,,,,,,,,,,,,,,,,,,,,,,,,,,,,,,,,,,,,,,,,,,,,,,
11068116684,node,Nagoya,35.1576501,136.9766710,,viewpoint,,,,,,,,,,,,,,,,,,,,,,,,,,,,,,,,,,,,,,,,,,,,,,,,,,,,,,,,,,,,,,,,,,,,,,,,,,,,,,,,,,,,,,,,,,
11068116685,node,Nagoya,35.1575349,136.9768554,,viewpoint,,,,,,,,,,,,,,,,,,,,,,,,,,,,,,,,,,,,,,,,,,,,,,,,,,,,,,,,,,,,,,,,,,,,,,,,,,,,,,,,,,,,,,,,,,
11068116686,node,Nagoya,35.1573502,136.9768736,,viewpoint,,,,,,,,,,,,,,,,,,,,,,,,,,,,,,,,,,,,,,,,,,,,,,,,,,,,,,,,,,,,,,,,,,,,,,,,,,,,,,,,,,,,,,,,,,
11068116687,node,Nagoya,35.1572041,136.9767627,,viewpoint,,,,,,,,,,,,,,,,,,,,,,,,,,,,,,,,,,,,,,,,,,,,,,,,,,,,,,,,,,,,,,,,,,,,,,,,,,,,,,,,,,,,,,,,,,
11068116688,node,Nagoya,35.1573575,136.9765411,,viewpoint,,,,,,,,,,,,,,,,,,,,,,,,,,,,,,,,,,,,,,,,,,,,,,,,,,,,,,,,,,,,,,,,,,,,,,,,,,,,,,,,,,,,,,,,,,
11068116689,node,Nagoya,35.1575580,136.9762856,,viewpoint,,,,,,,,,,,,,,,,,,,,,,,,,,,,,,,,,,,,,,,,,,,,,,,,,,,,,,,,,,,,,,,,,,,,,,,,,,,,,,,,,,,,,,,,,,
11068116690,node,Nagoya,35.1580792,136.9771032,,viewpoint,,,,,,,,,,,,,,,,,,,,,,,,,,,,,,,,,,,,,,,,,,,,,,,,,,,,,,,,,,,,,,,,,,,,,,,,,,,,,,,,,,,,,,,,,,
11068116691,node,Nagoya,35.1586358,136.9764757,,viewpoint,,,,,,,,,,,,,,,,,,,,,,,,,,,,,,,,,,,,,,,,,,,,,,,,,,,,,,,,,,,,,,,,,,,,,,,,,,,,,,,,,,,,,,,,,,
11068116695,node,Nagoya,35.1588375,136.9768953,,viewpoint,,,,,,,,,,,,,,,,,,,,,,,,,,,,,,,,,,,,,,,,,,,,,,,,,,,,,,,,,,,,,,,,,,,,,,,,,,,,,,,,,,,,,,,,,,
11068116696,node,Nagoya,35.1590752,136.9774020,,viewpoint,,,,,,,,,,,,,,,,,,,,,,,,,,,,,,,,,,,,,,,,,,,,,,,,,,,,,,,,,,,,,,,,,,,,,,,,,,,,,,,,,,,,,,,,,,
11068116697,node,Nagoya,35.1592361,136.9780449,,viewpoint,,,,,,,,,,,,,,,,,,,,,,,,,,,,,,,,,,,,,,,,,,,,,,,,,,,,,,,,,,,,,,,,,,,,,,,,,,,,,,,,,,,,,,,,,,
11068116698,node,Nagoya,35.1593140,136.9783348,,viewpoint,,,,,,,,,,,,,,,,,,,,,,,,,,,,,,,,,,,,,,,,,,,,,,,,,,,,,,,,,,,,,,,,,,,,,,,,,,,,,,,,,,,,,,,,,,
11068116699,node,Nagoya,35.1591445,136.9784464,,viewpoint,,,,,,,,,,,,,,,,,,,,,,,,,,,,,,,,,,,,,,,,,,,,,,,,,,,,,,,,,,,,,,,,,,,,,,,,,,,,,,,,,,,,,,,,,,
11068116700,node,Nagoya,35.1589162,136.9784151,,viewpoint,,,,,,,,,,,,,,,,,,,,,,,,,,,,,,,,,,,,,,,,,,,,,,,,,,,,,,,,,,,,,,,,,,,,,,,,,,,,,,,,,,,,,,,,,,
11068116701,node,Nagoya,35.1589593,136.9787897,,viewpoint,,,,,,,,,,,,,,,,,,,,,,,,,,,,,,,,,,,,,,,,,,,,,,,,,,,,,,,,,,,,,,,,,,,,,,,,,,,,,,,,,,,,,,,,,,
11068116702,node,Nagoya,35.1587868,136.9787779,,viewpoint,,,,,,,,,,,,,,,,,,,,,,,,,,,,,,,,,,,,,,,,,,,,,,,,,,,,,,,,,,,,,,,,,,,,,,,,,,,,,,,,,,,,,,,,,,
11068116703,node,Nagoya,35.1584565,136.9788301,,viewpoint,,,,,,,,,,,,,,,,,,,,,,,,,,,,,,,,,,,,,,,,,,,,,,,,,,,,,,,,,,,,,,,,,,,,,,,,,,,,,,,,,,,,,,,,,,
11068116704,node,Nagoya,35.1583081,136.9789077,,viewpoint,,,,,,,,,,,,,,,,,,,,,,,,,,,,,,,,,,,,,,,,,,,,,,,,,,,,,,,,,,,,,,,,,,,,,,,,,,,,,,,,,,,,,,,,,,
11068116705,node,Nagoya,35.1581480,136.9790201,,viewpoint,,,,,,,,,,,,,,,,,,,,,,,,,,,,,,,,,,,,,,,,,,,,,,,,,,,,,,,,,,,,,,,,,,,,,,,,,,,,,,,,,,,,,,,,,,
11068116706,node,Nagoya,35.1581372,136.9791749,,viewpoint,,,,,,,,,,,,,,,,,,,,,,,,,,,,,,,,,,,,,,,,,,,,,,,,,,,,,,,,,,,,,,,,,,,,,,,,,,,,,,,,,,,,,,,,,,
11068116707,node,Nagoya,35.1570524,136.9785062,,viewpoint,,,,,,,,,,,,,,,,,,,,,,,,,,,,,,,,,,,,,,,,,,,,,,,,,,,,,,,,,,,,,,,,,,,,,,,,,,,,,,,,,,,,,,,,,,
11068116708,node,Nagoya,35.1570890,136.9785939,,viewpoint,,,,,,,,,,,,,,,,,,,,,,,,,,,,,,,,,,,,,,,,,,,,,,,,,,,,,,,,,,,,,,,,,,,,,,,,,,,,,,,,,,,,,,,,,,
11068116709,node,Nagoya,35.1571451,136.9785752,オオサンショウウオ,attraction,,,,,,,,,,,,,,,,,,,,,,,,,,,,animal,,,,,,,,,,,,,,,,,,,,,,,,,,,,,,,,,,,,,,,,,,,,,,,,,,,,,,,,,,,,,,
11068116710,node,Nagoya,35.1570256,136.9772035,,viewpoint,,,,,,,,,,,,,,,,,,,,,,,,,,,,,,,,,,,,,,,,,,,,,,,,,,,,,,,,,,,,,,,,,,,,,,,,,,,,,,,,,,,,,,,,,,
11068116711,node,Nagoya,35.1569406,136.9772222,,viewpoint,,,,,,,,,,,,,,,,,,,,,,,,,,,,,,,,,,,,,,,,,,,,,,,,,,,,,,,,,,,,,,,,,,,,,,,,,,,,,,,,,,,,,,,,,,
11068116712,node,Nagoya,35.1568060,136.9773202,,viewpoint,,,,,,,,,,,,,,,,,,,,,,,,,,,,,,,,,,,,,,,,,,,,,,,,,,,,,,,,,,,,,,,,,,,,,,,,,,,,,,,,,,,,,,,,,,
11068116713,node,Nagoya,35.1568003,136.9775070,,viewpoint,,,,,,,,,,,,,,,,,,,,,,,,,,,,,,,,,,,,,,,,,,,,,,,,,,,,,,,,,,,,,,,,,,,,,,,,,,,,,,,,,,,,,,,,,,
11068116714,node,Nagoya,35.1565442,136.9775775,,viewpoint,,,,,,,,,,,,,,,,,,,,,,,,,,,,,,,,,,,,,,,,,,,,,,,,,,,,,,,,,,,,,,,,,,,,,,,,,,,,,,,,,,,,,,,,,,
11068116715,node,Nagoya,35.1562604,136.9778767,,viewpoint,,,,,,,,,,,,,,,,,,,,,,,,,,,,,,,,,,,,,,,,,,,,,,,,,,,,,,,,,,,,,,,,,,,,,,,,,,,,,,,,,,,,,,,,,,
11068116716,node,Nagoya,35.1564207,136.9779028,,viewpoint,,,,,,,,,,,,,,,,,,,,,,,,,,,,,,,,,,,,,,,,,,,,,,,,,,,,,,,,,,,,,,,,,,,,,,,,,,,,,,,,,,,,,,,,,,
11068116723,node,Nagoya,35.1559048,136.9773805,,viewpoint,,,,,,,,,,,,,,,,,,,,,,,,,,,,,,,,,,,,,,,,,,,,,,,,,,,,,,,,,,,,,,,,,,,,,,,,,,,,,,,,,,,,,,,,,,
11068116724,node,Nagoya,35.1557776,136.9775245,,viewpoint,,,,,,,,,,,,,,,,,,,,,,,,,,,,,,,,,,,,,,,,,,,,,,,,,,,,,,,,,,,,,,,,,,,,,,,,,,,,,,,,,,,,,,,,,,
11068116725,node,Nagoya,35.1556927,136.9778059,,viewpoint,,,,,,,,,,,,,,,,,,,,,,,,,,,,,,,,,,,,,,,,,,,,,,,,,,,,,,,,,,,,,,,,,,,,,,,,,,,,,,,,,,,,,,,,,,
11068116726,node,Nagoya,35.1557571,136.9776452,,viewpoint,,,,,,,,,,,,,,,,,,,,,,,,,,,,,,,,,,,,,,,,,,,,,,,,,,,,,,,,,,,,,,,,,,,,,,,,,,,,,,,,,,,,,,,,,,
11068116727,node,Nagoya,35.1553649,136.9780149,,viewpoint,,,,,,,,,,,,,,,,,,,,,,,,,,,,,,,,,,,,,,,,,,,,,,,,,,,,,,,,,,,,,,,,,,,,,,,,,,,,,,,,,,,,,,,,,,
11068116728,node,Nagoya,35.1552195,136.9778306,,viewpoint,,,,,,,,,,,,,,,,,,,,,,,,,,,,,,,,,,,,,,,,,,,,,,,,,,,,,,,,,,,,,,,,,,,,,,,,,,,,,,,,,,,,,,,,,,
11068116729,node,Nagoya,35.1551598,136.9779615,,viewpoint,,,,,,,,,,,,,,,,,,,,,,,,,,,,,,,,,,,,,,,,,,,,,,,,,,,,,,,,,,,,,,,,,,,,,,,,,,,,,,,,,,,,,,,,,,
11068116730,node,Nagoya,35.1552122,136.9776593,,viewpoint,,,,,,,,,,,,,,,,,,,,,,,,,,,,,,,,,,,,,,,,,,,,,,,,,,,,,,,,,,,,,,,,,,,,,,,,,,,,,,,,,,,,,,,,,,
11068116731,node,Nagoya,35.1553112,136.9776408,,viewpoint,,,,,,,,,,,,,,,,,,,,,,,,,,,,,,,,,,,,,,,,,,,,,,,,,,,,,,,,,,,,,,,,,,,,,,,,,,,,,,,,,,,,,,,,,,
11068116732,node,Nagoya,35.1552734,136.9775144,,viewpoint,,,,,,,,,,,,,,,,,,,,,,,,,,,,,,,,,,,,,,,,,,,,,,,,,,,,,,,,,,,,,,,,,,,,,,,,,,,,,,,,,,,,,,,,,,
11068116733,node,Nagoya,35.1552427,136.9774543,,viewpoint,,,,,,,,,,,,,,,,,,,,,,,,,,,,,,,,,,,,,,,,,,,,,,,,,,,,,,,,,,,,,,,,,,,,,,,,,,,,,,,,,,,,,,,,,,
11068116734,node,Nagoya,35.1552076,136.9772469,,viewpoint,,,,,,,,,,,,,,,,,,,,,,,,,,,,,,,,,,,,,,,,,,,,,,,,,,,,,,,,,,,,,,,,,,,,,,,,,,,,,,,,,,,,,,,,,,
11068116735,node,Nagoya,35.1552949,136.9771426,,viewpoint,,,,,,,,,,,,,,,,,,,,,,,,,,,,,,,,,,,,,,,,,,,,,,,,,,,,,,,,,,,,,,,,,,,,,,,,,,,,,,,,,,,,,,,,,,
11068116736,node,Nagoya,35.1554172,136.9769447,,viewpoint,,,,,,,,,,,,,,,,,,,,,,,,,,,,,,,,,,,,,,,,,,,,,,,,,,,,,,,,,,,,,,,,,,,,,,,,,,,,,,,,,,,,,,,,,,
11068116737,node,Nagoya,35.1555497,136.9766861,,viewpoint,,,,,,,,,,,,,,,,,,,,,,,,,,,,,,,,,,,,,,,,,,,,,,,,,,,,,,,,,,,,,,,,,,,,,,,,,,,,,,,,,,,,,,,,,,
11068116738,node,Nagoya,35.1554706,136.9768518,,viewpoint,,,,,,,,,,,,,,,,,,,,,,,,,,,,,,,,,,,,,,,,,,,,,,,,,,,,,,,,,,,,,,,,,,,,,,,,,,,,,,,,,,,,,,,,,,
11068116739,node,Nagoya,35.1558095,136.9765786,,viewpoint,,,,,,,,,,,,,,,,,,,,,,,,,,,,,,,,,,,,,,,,,,,,,,,,,,,,,,,,,,,,,,,,,,,,,,,,,,,,,,,,,,,,,,,,,,
11068116740,node,Nagoya,35.1558681,136.9765059,,viewpoint,,,,,,,,,,,,,,,,,,,,,,,,,,,,,,,,,,,,,,,,,,,,,,,,,,,,,,,,,,,,,,,,,,,,,,,,,,,,,,,,,,,,,,,,,,
11068116741,node,Nagoya,35.1559715,136.9766358,,viewpoint,,,,,,,,,,,,,,,,,,,,,,,,,,,,,,,,,,,,,,,,,,,,,,,,,,,,,,,,,,,,,,,,,,,,,,,,,,,,,,,,,,,,,,,,,,
11068116742,node,Nagoya,35.1561085,136.9765046,,viewpoint,,,,,,,,,,,,,,,,,,,,,,,,,,,,,,,,,,,,,,,,,,,,,,,,,,,,,,,,,,,,,,,,,,,,,,,,,,,,,,,,,,,,,,,,,,
11068116743,node,Nagoya,35.1564094,136.9760150,,viewpoint,,,,,,,,,,,,,,,,,,,,,,,,,,,,,,,,,,,,,,,,,,,,,,,,,,,,,,,,,,,,,,,,,,,,,,,,,,,,,,,,,,,,,,,,,,
11068116744,node,Nagoya,35.1564977,136.9759218,,viewpoint,,,,,,,,,,,,,,,,,,,,,,,,,,,,,,,,,,,,,,,,,,,,,,,,,,,,,,,,,,,,,,,,,,,,,,,,,,,,,,,,,,,,,,,,,,
11068116745,node,Nagoya,35.1561931,136.9756460,,viewpoint,,,,,,,,,,,,,,,,,,,,,,,,,,,,,,,,,,,,,,,,,,,,,,,,,,,,,,,,,,,,,,,,,,,,,,,,,,,,,,,,,,,,,,,,,,
11068116746,node,Nagoya,35.1562291,136.9758620,,viewpoint,,,,,,,,,,,,,,,,,,,,,,,,,,,,,,,,,,,,,,,,,,,,,,,,,,,,,,,,,,,,,,,,,,,,,,,,,,,,,,,,,,,,,,,,,,
11068116747,node,Nagoya,35.1558502,136.9757477,,viewpoint,,,,,,,,,,,,,,,,,,,,,,,,,,,,,,,,,,,,,,,,,,,,,,,,,,,,,,,,,,,,,,,,,,,,,,,,,,,,,,,,,,,,,,,,,,
11068116748,node,Nagoya,35.1558578,136.9758862,,viewpoint,,,,,,,,,,,,,,,,,,,,,,,,,,,,,,,,,,,,,,,,,,,,,,,,,,,,,,,,,,,,,,,,,,,,,,,,,,,,,,,,,,,,,,,,,,
11068116749,node,Nagoya,35.1559617,136.9759909,,viewpoint,,,,,,,,,,,,,,,,,,,,,,,,,,,,,,,,,,,,,,,,,,,,,,,,,,,,,,,,,,,,,,,,,,,,,,,,,,,,,,,,,,,,,,,,,,
11068116750,node,Nagoya,35.1557688,136.9758923,,viewpoint,,,,,,,,,,,,,,,,,,,,,,,,,,,,,,,,,,,,,,,,,,,,,,,,,,,,,,,,,,,,,,,,,,,,,,,,,,,,,,,,,,,,,,,,,,
11068116751,node,Nagoya,35.1549268,136.9773706,,viewpoint,,,,,,,,,,,,,,,,,,,,,,,,,,,,,,,,,,,,,,,,,,,,,,,,,,,,,,,,,,,,,,,,,,,,,,,,,,,,,,,,,,,,,,,,,,
11068116752,node,Nagoya,35.1549640,136.9777278,,viewpoint,,,,,,,,,,,,,,,,,,,,,,,,,,,,,,,,,,,,,,,,,,,,,,,,,,,,,,,,,,,,,,,,,,,,,,,,,,,,,,,,,,,,,,,,,,
11068116753,node,Nagoya,35.1548343,136.9781960,,viewpoint,,,,,,,,,,,,,,,,,,,,,,,,,,,,,,,,,,,,,,,,,,,,,,,,,,,,,,,,,,,,,,,,,,,,,,,,,,,,,,,,,,,,,,,,,,
11068116754,node,Nagoya,35.1547186,136.9779748,,viewpoint,,,,,,,,,,,,,,,,,,,,,,,,,,,,,,,,,,,,,,,,,,,,,,,,,,,,,,,,,,,,,,,,,,,,,,,,,,,,,,,,,,,,,,,,,,
11068116755,node,Nagoya,35.1545643,136.9784472,,viewpoint,,,,,,,,,,,,,,,,,,,,,,,,,,,,,,,,,,,,,,,,,,,,,,,,,,,,,,,,,,,,,,,,,,,,,,,,,,,,,,,,,,,,,,,,,,
11068116756,node,Nagoya,35.1543155,136.9787131,,viewpoint,,,,,,,,,,,,,,,,,,,,,,,,,,,,,,,,,,,,,,,,,,,,,,,,,,,,,,,,,,,,,,,,,,,,,,,,,,,,,,,,,,,,,,,,,,
11068116757,node,Nagoya,35.1539496,136.9784702,,viewpoint,,,,,,,,,,,,,,,,,,,,,,,,,,,,,,,,,,,,,,,,,,,,,,,,,,,,,,,,,,,,,,,,,,,,,,,,,,,,,,,,,,,,,,,,,,
11068116758,node,Nagoya,35.1536319,136.9783758,,viewpoint,,,,,,,,,,,,,,,,,,,,,,,,,,,,,,,,,,,,,,,,,,,,,,,,,,,,,,,,,,,,,,,,,,,,,,,,,,,,,,,,,,,,,,,,,,
11068116759,node,Nagoya,35.1541398,136.9794410,,viewpoint,,,,,,,,,,,,,,,,,,,,,,,,,,,,,,,,,,,,,,,,,,,,,,,,,,,,,,,,,,,,,,,,,,,,,,,,,,,,,,,,,,,,,,,,,,
11068116760,node,Nagoya,35.1545337,136.9790570,,viewpoint,,,,,,,,,,,,,,,,,,,,,,,,,,,,,,,,,,,,,,,,,,,,,,,,,,,,,,,,,,,,,,,,,,,,,,,,,,,,,,,,,,,,,,,,,,
11068116761,node,Nagoya,35.1541266,136.9804059,,viewpoint,,,,,,,,,,,,,,,,,,,,,,,,,,,,,,,,,,,,,,,,,,,,,,,,,,,,,,,,,,,,,,,,,,,,,,,,,,,,,,,,,,,,,,,,,,
11068116762,node,Nagoya,35.1535549,136.9810991,,viewpoint,,,,,,,,,,,,,,,,,,,,,,,,,,,,,,,,,,,,,,,,,,,,,,,,,,,,,,,,,,,,,,,,,,,,,,,,,,,,,,,,,,,,,,,,,,
11068156544,node,Nagoya,35.1581679,136.9762667,ワオキツネザル,attraction,,,,,,,,,,,,,,,,,,,,,,,,,,,,animal,,,,,,,,,,,,,,,,,,,,,,,,,,,,,,,,,,,,,,,,,,,,,,,,,,,,,,,,,,,,,,
11068228839,node,Nagoya,35.1561910,136.9761868,,viewpoint,,,,,,,,,,,,,,,,,,,,,,,,,,,,,,,,,,,,,,,,,,,,,,,,,,,,,,,,,,,,,,,,,,,,,,,,,,,,,,,,,,,,,,,,,,
11068228840,node,Nagoya,35.1568368,136.9755906,,viewpoint,,,,,,,,,,,,,,,,,,,,,,,,,,,,,,,,,,,,,,,,,,,,,,,,,,,,,,,,,,,,,,,,,,,,,,,,,,,,,,,,,,,,,,,,,,
11068228841,node,Nagoya,35.1569769,136.9754371,,viewpoint,,,,,,,,,,,,,,,,,,,,,,,,,,,,,,,,,,,,,,,,,,,,,,,,,,,,,,,,,,,,,,,,,,,,,,,,,,,,,,,,,,,,,,,,,,
11301882392,node,Nagoya,35.2359884,136.9540949,Milky,gallery,,,,,,,,,,,,,,,,,,,,,,,,,,,,,,,,,,,,,,,,,,,,,,,2023-10-31,,,,,,,,,,,,,,,,,,,,,,,,,,,,,,,,,,,,,,,,,,,
11311444356,node,Nagoya,35.2303573,136.9552240,あんどう画廊,gallery,,,,,,,,,,,,,,,,,,,,,,,,,,,,,,,2,,,,,,,,,,,,,,,,2023-11-04,,,,,,,,,,,,,,,,,,,,,,,,,,,,,,,,,,,,,,,,,,,
11949696957,node,Nagoya,35.2473865,136.9250115,あいち航空ミュージアム,museum,,,Aichi Museum of Flight,,,,,,,,,,Q30935176,ja:あいち航空ミュージアム,,,,,,,,,,,,,あいち航空ミュージアム,,,,,,,,,,,,,,,,,,,,2024-06-01,,,,,,,,,,,,,,,,,,,,,,,,,,,,,,,,,,,,,,,,,,,
12001803369,node,Nagoya,35.1718992,136.8848706,,attraction,,,,,,,,,,,,,,,,,,,,,名駅三丁目,450-6490,,,,,,,,,,,,,,,,,大名古屋大廈,,,,,,,,,28-12,,,,,,,,,,,,,,,,,,,,,,,,,,,,,,,,,,,,,,,,,,
12003232069,node,Nagoya,35.1708482,136.9095277,オアシス21,attraction,,,,,,,,,,,,,,,,,,,,,,461-0005,,,,,,,,,,,,,,,,,綠洲21,,,,,,,,,11-1,東樓一丁目,,,,,,,,,,,,,,,,,,,,,,,,,,,,,,,,,,,,,,,,,
12003277976,node,Nagoya,35.1702493,136.8851232,スカイプロムナード,attraction,,,Sky Promenade,,,,,,,,,,,,Su-Sa 11:00-22:00,,,,,,,450-0002,,,,,,,,,,,,,,,,,屋外展望台,,,,,,,,,,名駅4丁目,,,,,,,,,,,,,,,,,,,,,,,,,,,,,,,,,,,,,,,,,
12123831961,node,Nagoya,35.1844477,136.8976611,西の丸御蔵城宝館,museum,yes,,Nishinomaru Okura Museum,,,,,,,,,,,,,,,,,,,,,,,,西の丸御蔵城宝館,,,,,,,,,,,,,,,,,,,,2024-08-21,,,wlan,no,yes,yes,yes,yes,,,,,,,,,,,,,,,,,,,,,,,,,,,,,,,,,,,
12513635201,node,Nagoya,35.1708547,136.9096908,Spaceship-Aqua Rooftop Lookout,viewpoint,yes,,,,,,,,,,,,,,Mo-Su 10:00-21:00,,,,,,,,,,,,,,,,,,,,,,,,,,,,,,,,,,,wlan,,,,,,Spaceship Aqua Galaxy Platform,Floating glass rooftop with shimmering transparent clear bottomed reflecting pood. Path around the pool gives a 360⁰ views of the area with the highlight being the Nagoya TV tower. Illuminated at night.,no,,,,,,,,,,,,,,,,,,,,,,,,,,,,,,,,
12513777301,node,Nagoya,35.1868047,136.8996662,北東側からの名古屋城の眺め,viewpoint,,,Viewpoint of Nagoya Castle from North-East,,,,,,,,Listed on the castle enterence information board,,,,,,,,,,,,,,,,北東側からの名古屋城の眺め,,,,,,,,,,,,,,,,,,,,,,,,,,,,,,,,,,,,,,,,,,,,,,,,,,,,,,,,,,,,,,,
12513777401,node,Nagoya,35.1874373,136.8988861,北側からの名古屋城の眺め,viewpoint,,,Viewpoint of Nagoya Castle from North,,,,,,,,Listed on the castle enterence information board,,,,,,,,,,,,,,,,北側からの名古屋城の眺め,,,,,,,,,,,,,,,,,,,,,,,,,,,,,,,,,,,,,,,,,,,,,,,,,,,,,,,,,,,,,,,
12513777501,node,Nagoya,35.1854819,136.9040716,東側からの名古屋城と夕日の眺め,viewpoint,,,Viewpoint of Nagoya Castle and Sunset from East,,,,,,,,Listed on the castle enterence information board,,,,,,,,,,,,,,,,東側からの名古屋城と夕日の眺め,,,,,,,,,,,,,,,,,,,,,,,,,,,,,,,,,,,,,,,,,,,,,,,,,,,,,,,,,,,,,,,
12513800801,node,Nagoya,35.1873274,136.8968565,北側からの北西隅塔の展望台,viewpoint,,,View Point of Northwest Corner Tower from North,,,,,,,,,,,,,,,,,,,,,,,,北側からの北西隅塔の展望台,,,,,,,,,,,,,,,,,,,,,,,,,,,,,,,,,,,,,,,,,,,,,,,,,,,,,,,,,,,,,,,
12513804201,node,Nagoya,35.1872375,136.8960444,北西隅塔からの北西の眺め,viewpoint,,,Viewpoint of Northwest Corner Tower from the Northwest,,,,,,,,,,,,,,,,,,,,,,,,北西隅塔からの北西の眺め,,,,,,,,,,,,,,,,,,,,,,,,,,,,,,,,,,,,,,,,,,,,,,,,,,,,,,,,,,,,,,,
12513806601,node,Nagoya,35.1843064,136.8958750,名古屋城の西側からの眺め,viewpoint,,,Viewpoint of Nagoya Castle from West,,,,,,,,Listed on the castle enterence information board,,,,,,,,,,,,,,,,名古屋城の西側からの眺め,,,,,,,,,,,,,,,,,,,,,,,,,,,,,,,,,,,,,,,,,,,,,,,,,,,,,,,,,,,,,,,
12761543201,node,Nagoya,35.1550789,136.9859596,Cherry Tree Grove,attraction,,,,,,,,,,,,,,,,,,,,,,,,,,,,,,,,,,,,,,,,,,,,,,,,,,,,,,,,,,,,,,,,,,,,,,,,,,,,,,,,,,,,,,,,,,
12878282744,node,Nagoya,35.1632541,136.9028068,名古屋刀剣博物館,museum,,,,,,,,,,,,,,,,,,,,,,,,,,,,,,,5,,,,,,,,,,,,,,,,2025-06-01,,,,,,,,,,,,,,,,,,,,,,,,,,,,,,,,,,,,,,,,,,,
13226928902,node,Nagoya,35.1846237,136.9337313,大曽根の滝,attraction,,,Ōzone Waterfall,,,,,,,,,,,,,,,,,,,,,,,,大曽根の滝,,,,,,,,,,,,,,,,,,,,,,,,,,,,,,,,,,,,,,,,,,,,,,,,,,,,,,,,,,,,,,,
48179151,way,Nagoya,,,徳川園,viewpoint,yes,,Tokugawaen,,,,,,,,,,Q7813713,en:Tokugawa Garden,,Category:Tokugawaen,,,,,,,,,,,,,,,,,,,,,,,,,,,,,,,,,,,,,,,,,,,park,,,,,,,,,,,,,,,,,,,,,,,,,,,,,,,
49458198,way,Nagoya,,,文化殿（宝物殿）,museum,,,,,,,,,,,NRPB of MLIT Japan,,,,,,,,,,,,,,,,,,,,,,,,,,,,,,,,,,,,,,,,,,,,,,,,,yes,1,国土画像情報（カラー空中写真）国土計画局,,,,,,,,,,,,,,,,,,,,,,,,,,,,
51760095,way,Nagoya,,,名古屋市博物館,museum,,,,,,,,,,,GSI/KIBAN 2500; NARO,,Q10990728,ja:名古屋市博物館,9:30-17:00,Category:Nagoya City Museum,,,,,,,,,,,,,,,,,,,,,,,,,,,,愛知県名古屋市,,,,,,,,,,,,,,,,,,国土画像情報（オルソ化空中写真）国土計画局,,,,,,,,,,,,,,,,,,,,,,,,,,,,
58105355,way,Nagoya,,,名古屋市博物館,museum,,,,,,,,,,,MLIT_PLATEAU bldg_d721775d-b226-4448-b5d7-57b3470f37c9,,,,,,,,,,,,,,,,,,,,,,,,,,,,,,,,,,,,,,,,,,,,,,,,,museum,,,4,15.1,27.9,,,,,,,,,,,,,,,,,,,,,,,,,
89269783,way,Nagoya,,,名古屋大学博物館,museum,,,,,,,,,,,MLIT_PLATEAU bldg_9ac71c1f-5f75-4850-8fc3-03f415f0788c,,Q11414911,,,,名古屋大学博物館,,,名古屋市,,,愛知県,不老町,千種区,,,,,,,,,,,,,,,,,,,,,,,,,,,,,,,,,,,museum,,,3,45.6,15.4,,,,,,,,,,,,,,,,,,,,,,,,,
128298471,way,Nagoya,,,断夫山古墳,attraction,,,,,,,,,,,Bing,,Q5221001,ja:断夫山古墳,,Category:Danpusan kofun,,,,,,,,,,,,,,,,,,,,,,,,,,,,,,,,,,,,,,,,,,,,,,,,,,archaeological_site,,,,,,,,,,,,,,,,,,,,,,,,
147856307,way,Nagoya,,,名古屋市美術館,museum,yes,,Nagoya City Art Museum,,,,,,aichitriennale2013,国土数値情報（公共施設データ）平成19年　国土交通省,KSJ2,http://nlftp.mlit.go.jp/ksj/jpgis/datalist/KsjTmplt-P02-v2_0.html,Q469573,en:Nagoya City Art Museum,,Category:Nagoya City Art Museum,,,,,,,,,,,,,,,,art,,,,,,,,,,,,,,,,,,,,,,,,,,,,yes,,,,,,,黒川 紀章,Q358502,,,,,,,,,,,,,,,,,,,,,,
177281303,way,Nagoya,,,プレイハウス,attraction,,,,,,,,,,,bing,,,,,,,,,,,,,,,,,,,,,,,,,,,,,,,,,,,,,,,,,,,,,,,,,yes,,,,,,,,,,,,,,,,,,,,,,,,,,,,,,
177281391,way,Nagoya,,,,attraction,,,,,,,,,,,bing,,,,,,,,,,,,,,,,,,,,,,,,,,,,,,,,,,,,,,,,,,,,,,,,,,,,,,,,,,,,,,,,,,,,,,,,,,,,,,,
184291575,way,Nagoya,,,ノリタケの森 ウェルカムセンター,museum,,,Noritake Garden Welcome Center,,,,,,,,bing,,,,,,,,1,名古屋市,3,451-8501,愛知県,則武新町,西区,,ノリタケの森 ウェルカムセンター,,,,,porcelain,,,,,,,,,,,,ノリタケ,,,,36,,,,,,,,,,,,yes,,,,,,,,,business,,,,,,,,,,,,,,,,,,,,,
184291577,way,Nagoya,,,ノリタケの森 クラフトセンター・ノリタケミュージアム,museum,,,Noritake Garden Craft Center and Noritake Museum,,,,,,,,bing,,,,,,,,1,名古屋市,3,451-8501,愛知県,則武新町,西区,,ノリタケの森 クラフトセンター・ノリタケミュージアム,,,,,porcelain,,,,,,,,,,,,ノリタケ,,,,36,,,,,,,,,,,,yes,,,,,,,,,business,,,,,,,,,,,,,,,,,,,,,
200245418,way,Nagoya,,,でんきの科学館,museum,,,Electricity Museum Nagoya,,,,,,"National-Land Numerical Information (Public Facility) 2006, MLIT Japan",国土数値情報（公共施設データ）平成19年　国土交通省,GSI/KIBAN 2500;KSJ2,http://wiki.osm.org/wiki/GSI_KIBAN;http://nlftp.mlit.go.jp/ksj/jpgis/datalist/KsjTmplt-P02-v2_0.html,Q5357802,"en:Electricity Museum, Nagoya",,"Category:Electricity Museum, Nagoya",,,,,,,,,,,,,,,,science,,,,,,,,,,,,,,,,,,,,,,,,,,,,commercial,,,,,,,,,,,,,,,,,,,,,,,,,,,,,,
200532757,way,Nagoya,,,アートラボあいち,museum,,,,,,,,,,,GSI/KIBAN 2500,http://wiki.osm.org/wiki/GSI_KIBAN,,,,,,,,,,,,,,,,,,,,,,,,,,,,,,,,,,,,,,,,,,,,,,,,yes,,,,,,,,,,,,,,,,,,,,,,,,,,,,,,
201706229,way,Nagoya,,,人間地獄,attraction,,,,,,,,,,,,,,,,,,,,,,,,,,,,,,,,,,,,,,,,,,,,,,,,,,,,,,,,,,,,,,,,,,,,,,cliff,,,,,,,,,,,,,,,,,,,,
230198261,way,Nagoya,,,名古屋港シートレインランド,theme_park,,,,,,,,,,,,,Q11415200,ja:名古屋港シートレインランド,,Category:Nagoya port Sea-Train Land,,,,,,,,,,,,,,,,,,,,,,http://www.senyo.co.jp/seatrainland/i,,,,,,泉陽興業株式会社,,,,,,,,,,,,,,,,,,,,,,,,,,,,,,,,,,,,,,,,,,,,,,
237487176,way,Nagoya,,,航空館boon,museum,,,,,,,,,,,GSI/KIBAN 2500,http://wiki.osm.org/wiki/GSI_KIBAN,Q11613941,ja:航空館boon,"Mo,We-Su,PH 09:00-16:00; Tu off",,,,,,,,,,,,,,,,,transport,,,,,,,,,,,,,,,,,,,,,,,,,,,,yes,,,,,,,,,,,,,,,,,,,,,,,,,,,,,,
247172485,way,Nagoya,,,リニア・鉄道館,museum,yes,,SCMAGLEV and Railway Park,,,,,,,,"survey, 2014/1/12",,Q5362576,ja:リニア・鉄道館,Mo-Su 10:00-17:30; Tu off,Category:SCMaglev and Railway Park,,,,,,,,,,yes,リニア・鉄道館,,,,,,,,,,,https://museum.jr-central.co.jp/,磁浮、鐵道館,,,,,JR東海,,,,,,,,,,,,,,,,yes,,,,,,,,,,,SCMAGLEV and Railway Park,+81 50 3772-3910,,,,,,,,,,,,,,,,,,
297491271,way,Nagoya,,,はるひ美術館,museum,,,Kiyosu City Haruhi Museum of Art,,,,,,,国土数値情報（公共施設データ）平成19年　国土交通省,,http://nlftp.mlit.go.jp/ksj/jpgis/datalist/KsjTmplt-P02-v2_0.html,Q11561458,ja:清須市はるひ美術館,,,,,,,,,,,,,,,,,,,,,,,,http://www.museum-kiyosu.jp/,,,,,,,,,,,,,,,,,,,,,,yes,,,,,,,,,,,,,,,,,,,,,,,,,,,,,,
340412586,way,Nagoya,,,世界のメダカ館,aquarium,,,Medaka World,,,,,,,,,,Q115283045,,,Category:Higashiyama Zoo Medaka World,,,,,,,,,,,,,,,,,,,,,,,,,,,,,,,,,,,,,,,,,,,,yes,,,,,,,,,,,,,,,,,,,,,,,,,,,,,,
340412607,way,Nagoya,,,植物会館,museum,,,,,,,,,,,MLIT_PLATEAU bldg_73eaf180-790e-4c1c-8310-6c581b412d4e,,,,,,,,,,,,,,,,,,,,,,,,,,,,,,,,,,,,,,,,,,,,,,,,,yes,,,1,55.6,11.4,,,,,,,,,,,,,,,,,,,,,,,,,
352741572,way,Nagoya,,,Indian rhinoceros,attraction,,,,,,,,,,,,,,,,,,,,,,,,,,,インドサイ,animal,,,,,,,,,,,,,,,,,,,,,,,,,,,,,,,,,,,,,,,,,,,,,ditch,,,,,,,,,,,,,,,,,
352741574,way,Nagoya,,,遊園地ゾーン,theme_park,,,,,,,,,,,,,,,,,,,,,,,,,,,,,,,,,,,,,,,,,,,,,,,,,,,,,,,,,,,,,,,,,,,,,,,,,,,,,,,,,,,,,,,,,,
403779922,way,Nagoya,,,住居跡観察舎,museum,,,,,,,,,,,MLIT_PLATEAU bldg_b9009bc1-ab5b-41f9-b8cf-6ea05d4c83a3,,,,,,,,,,,,,,,,,,,,,,,,,,,,,,,,,,,,,,,,,,,,,,,,,public,,,1,14.5,12.5,,,,,,,,,,,,,,,,,,,,,,,,,
403779923,way,Nagoya,,,名古屋市見晴台考古資料館,museum,,,,,,,,,,,MLIT_PLATEAU bldg_2af96689-7027-4485-a014-634c871e8558,,Q62104096,,,,,,,,,,,,,,,,,,,,,,,,,,,,,,,,,,,,,,,,,,,,,,,public,,,1,14.9,6.4,,,,,,,,,,,,,,,,,,,,,,,,,
405614000,way,Nagoya,,,ノリタケの森 ギャラリー,museum,,,Noritake Garden Gallery,,,,,,,,,,,,,,,,1,名古屋市,3,451-8501,愛知県,則武新町,西区,,ノリタケの森 ギャラリー,,,,,porcelain,,,,,,,,,,,,ノリタケ,,,,36,,,,,,,,,,,,yes,,,,,,,,,business,,,,,,,,,,,,,,,,,,,,,
441087252,way,Nagoya,,,熊之庄歴史資料館,museum,,,Kumanosho Historical Museum,,,,,,,,,,,,,,,,,,,,,,,,,,,,,history,,,,,,,,,,,,,,,,,,,,,,,,,,,,museum,,,,,,,,,,,,,,,,,,,,,,,,,,,,,,
474775708,way,Nagoya,,,トミタビル,attraction,,,,,,,,,,,,,,,,,,,,,,,,,,,,,,,,,,,,,,,,,,,,,,,,,,,,,,,,,,,,commercial,,,,,,,,,,,,,,,,,,,,,,,,,,,,,,
495130551,way,Nagoya,,,レゴランド・ジャパン,theme_park,,,Legoland Japan,,,,,,,,,,Q29168099,ja:レゴランド・ジャパン,,Category:Legoland Japan,,,,,,,,,,,,,,,,,,,,,,https://www.legoland.jp/,,,,,,Merlin Entertainments,,,,,,,,,,,,,,,,,,,,,,,,,,,,,,Legoland Japan Resort,LEGOLAND,Legoland,Q253302,Q573278,,,,,,,,,,,,
495508120,way,Nagoya,,,交通公園,theme_park,,,,,,,,,,,,,,,,,,,,,,,,,,,,,,,,,,,,,,,,,,,,,,,,,,,,,,,,,,,,,,,,,,,,,,,,,,,,,,,,,,,,,,,,,,
495531302,way,Nagoya,,,ディノアドベンチャー名古屋,theme_park,,,,,,,,,,,,,,,,,,,,,,,,,,,,,,,,,,,,,,,,,,,,,,,,,,,,,,,,,,,,,,,,,,,,,,,,,,,,,,,,,,,,,,,,,,
498985945,way,Nagoya,,,メナード美術館,museum,,,,,,,,,,,,,Q1920251,ja:メナード美術館,,Category:Menard Art Museum,,,,,,,,,,,,,,,,,,,,,,,,,,,,,,,,,,,,,,,,,,,,,,,,,,,,,,,,,,,,,,,,,,,,,,,,,,
557701458,way,Nagoya,,,戦争と平和の資料館ピースあいち,museum,,,,,,,,,,,MLIT_PLATEAU bldg_d884aa2a-d173-454d-8cff-33f86a9e8797,,Q11495950,ja:戦争と平和の資料館ピースあいち,,Category:PEACE AICHI,,,,名古屋市,2丁目,465-0091,愛知県,よもぎ台,名東区,,,,,,,,,,,,,,,,,,,NPO平和のための戦争メモリアルセンター設立準備会,,,,820,,,,,,,,,,,,commercial,,,3,49.9,10.1,,,,,,,,,,,,,,,,,,,,,,,,,
582752051,way,Nagoya,,,トヨタ産業技術記念館,museum,yes,,Toyota Commemorative Museum of Industry and Technology,,,,,,"National-Land Numerical Information (Public Facility) 2006, MLIT Japan",国土数値情報（公共施設データ）平成19年　国土交通省,KSJ2;survey;local knowledge,http://nlftp.mlit.go.jp/ksj/jpgis/datalist/KsjTmplt-P02-v2_0.html,Q7830774,ja:トヨタ産業技術記念館,Tu-Su 9:30-17:00,,,,1,名古屋市,4,451-0051,愛知県,則武新町,西区,,,,,,,technology,,,,,,https://www.tcmit.org/,,retail,,,,,,,,35,,,,,,,,,,,,,,,,,,,,,,,,,,,,,,,Musée Commémoratif Toyota de l'Industrie et de la Technologie,closed,,,,,,,,,,
622734118,way,Nagoya,,,一宮市博物館,museum,,,,,,,,,,,,,,,,,,,,,,,,,,,,,,,,,,,,,,,,,,,,,,,,,,,,,,,,,,,,yes,,,,,,,,,,,,,,,,,,,,,,,,,,,,,,
653386294,way,Nagoya,,,白壁･主税･撞木エリア,attraction,,,,,,,,,,,,,,,,,,,,,,,,,,,,,,,,,,,,,,,,,,,,,,,,,,,,,,,,,,,,,,,,,,,,,,,,,,,,,,,,,yes,,,,,,,,,
733135905,way,Nagoya,,,あま市七宝焼アートヴィレッジ,museum,,,,,,,,,"National-Land Numerical Information (Public Facility) 2006, MLIT Japan",国土数値情報（公共施設データ）平成19年　国土交通省,KSJ2,http://nlftp.mlit.go.jp/ksj/jpgis/datalist/KsjTmplt-P02-v2_0.html,Q22117790,ja:あま市七宝焼アートヴィレッジ,,Category:Shippo Art Village,,,,,,,,,,,,,,,,,,,,,,https://www.shippoyaki.jp/,,,,,,,,,,,,,,,,,,,,,,,,,,,,,,,,,,,,,,,,,,,,七宝町七宝焼アートヴィレッジ,,,,,,,,
771309242,way,Nagoya,,,動物会館,museum,,,,,,,,,,,MLIT_PLATEAU bldg_cbd0b18b-1f49-4df9-9c4a-8f90bea190cc,,Q122888704,,,,,,,,,,,,,,,,,,,,,,,,,,,,,,,,,,,,,,,,,,,,,,,public,,,2,39.4,14.6,,,,,,,,,,,,,,,,,,,,,,,,,
847907602,way,Nagoya,,,昭和美術館,museum,,,,,,,,,"National-Land Numerical Information (Public Facility) 2006, MLIT Japan",国土数値情報（公共施設データ）平成19年　国土交通省,KSJ2,http://nlftp.mlit.go.jp/ksj/jpgis/datalist/KsjTmplt-P02-v2_0.html,Q11514132,en:Showa Museum of Art,,Category:Showa Museum of Art,,,,,,,,,,,,,,,,,,,,,,,,,,,,,,,,,,,,,,,,,,,,,,,,,,,,,,,,,,,,,,,,,,,,,,,,,,
881250976,way,Nagoya,,,大府市歴史民俗資料館,museum,,,,,,,,,,,,,,,09:00-18:00,,,,,,,,,,,,,,,,,history,,,,,,,,,,,,大府市,,,,,,,,,,,,,,,,yes,,,,,,,,,public,,,,,,,,,,,,,,,,,,,,,
935067013,way,Nagoya,,,水の歴史資料館,museum,,,,,,,,,,,MLIT_PLATEAU bldg_264058ed-5cc6-4b50-96ea-d6d2a73a5cad,,Q21654788,ja:水の歴史資料館,,Category:Historical Museum of Waterworks and Sewerage,,,,,,,,,,,,,,,,,,,,,,,,,,,,,,,,,,,,,,,,,,,,museum,,,2,36.6,13.4,,,,,,,,,,,,,,,,,,,,,,,,,
942000435,way,Nagoya,,,名古屋市科学館,museum,yes,,Nagoya City Science Museum,,,,,,"National-Land Numerical Information (Public Facility) 2006, MLIT Japan",国土数値情報（公共施設データ）平成19年　国土交通省,KSJ2;(URL),http://nlftp.mlit.go.jp/ksj/jpgis/datalist/KsjTmplt-P02-v2_0.html,Q11415016,ja:名古屋市科学館,"Tu-Su 09:30-17:00; Mo,Fr[3] off",Category:Nagoya City Science Museum,,,,,,460-0008,,,,yes,名古屋市科学館,,,,,science,,,,,,http://www.ncsm.city.nagoya.jp/,,,,,,名古屋市教育委員会,,,,,,,,,,,,,,,,,,,,,,,,,,,,+81-52-2014486,,,,,,,,,,,愛知県名古屋市中区栄2-17-1,+81-52-2030788,,,,,,
1054316502,way,Nagoya,,,横山美術館,museum,,,,,,,,,,,MLIT_PLATEAU bldg_f05bbc54-7064-4f9c-ba75-d4afae57864d,,Q42634129,ja:横山美術館,,,,,,,,,,,,,,,,,,,,,,,,,,,,,,,,,,,,,,,,,,,,,,yes,,,,10.8,31.2,,,,,,,,,,,,,,,,,,,,,,,,,
1186178002,way,Nagoya,,,ヒトのなかまがくらす森,attraction,,,,,,,,,,,MLIT_PLATEAU bldg_90729411-b883-4ec3-bd5e-f10ae666027b,,,,,,,,,,,,,,,,,,,,,,,,,,,,,,,,,,,,,,,,,,,,,,,,,yes,,,,42,17,,,,,,,,,,,,,,,,,,,,,,,,,
1188795713,way,Nagoya,,,Chital deer,attraction,,,,,,,,,,,,,,,,,,,,,,,,,,,アクシスジカ,animal,,,,,,,,,,,,,,,,,,,,,,,,,,,,,,,,,,,,,,,,,,,,,ditch,,,,,,,,,,,,,,,,,
1188795739,way,Nagoya,,,フラミンゴ,attraction,,,,,,,,,,,,,,,,,,,,,,,,,,,,animal,,,,,,,,,,,,,,,,,,,,,,,,,,,,,,,,,,,,,,,,,,,,,fence,,,,,,,,,,,,wire,,,,,
1188795740,way,Nagoya,,,モモイロペリカン,attraction,,,,,,,,,,,,,,,,,,,,,,,,,,,,animal,,,,,,,,,,,,,,,,,,,,,,,,,,,,,,,,,,,,,,,,,,,,,fence,,,,,,,,,,,,wire,,,,,
1188795743,way,Nagoya,,,チャップマンシマウマ,attraction,,,,,,,,,,,,,,,,,,,,,,,,,,,,animal,,,,,,,,,,,,,,,,,,,,,,,,,,,,,,,,,,,,,,,,,,,,,fence,,,,,,,,,,,,,,,,,
1188795744,way,Nagoya,,,ユキヒョウ・マヌルネコ・ニジキジ舎（建設準備中）,attraction,,,,,,,,,,,,,,,,,,,,,,,,,,,,animal,,,,,,,,,,,,construction,,,,,,,,,,,,,,,,,,,,,,,,,,,,,,,,,,,,,,,,,,,,,,,,,,
1188802317,way,Nagoya,,,マレーバク,attraction,,,,,,,,,,,,,,,,,,,,,,,,,,,,animal,,,,,,,,,,,,,,,,,,,,,,,,,,,,,,,,,,,,,,,,,,,,,wall,,,,,,,,,,,,,,,,,
1188802325,way,Nagoya,,,ビューイングトンネル,attraction,,,,,,,,,,,,,,,,,,,,,,,,,,,,,,,,,,,,,,,,,,,,,,,,,,,,,,,,,,,,yes,,,,,,,,,,,,,,,,,,,,,,,,,,,,,,
1188808889,way,Nagoya,,,アジアゾーン,zoo,,,,,,,,,,,,,,,,,,,,,,,,,,,,,,,,,,,,,,,,,,,,,,,,,,,,,,,,,,,,,,,,,,,,,,,,,,,,,,,,,,,,,,,,,,
1188808890,way,Nagoya,,,アジアの高地エリア,zoo,,,,,,,,,,,,,,,,,,,,,,,,,,,,,,,,,,,,,,,,,,,,,,,,,,,,,,,,,,,,,,,,,,,,,,,,,,,,,,,,,,,,,,,,,,
1188808891,way,Nagoya,,,アジアの熱帯雨林エリア,zoo,,,,,,,,,,,,,,,,,,,,,,,,,,,,,,,,,,,,,,,,,,,,,,,,,,,,,,,,,,,,,,,,,,,,,,,,,,,,,,,,,,,,,,,,,,
1188808892,way,Nagoya,,,アジアの熱帯雨林エリア,zoo,,,,,,,,,,,,,,,,,,,,,,,,,,,,,,,,,,,,,,,,,,,,,,,,,,,,,,,,,,,,,,,,,,,,,,,,,,,,,,,,,,,,,,,,,,
1188808893,way,Nagoya,,,アジアゾウエリア,zoo,,,,,,,,,,,,,,,,,,,,,,,,,,,,,,,,,,,,,,,,,,,,,,,,,,,,,,,,,,,,,,,,,,,,,,,,,,,,,,,,,,,,,,,,,,
1188808894,way,Nagoya,,,海洋ゾーン,zoo,,,,,,,,,,,,,,,,,,,,,,,,,,,,,,,,,,,,,,,,,,,,,,,,,,,,,,,,,,,,,,,,,,,,,,,,,,,,,,,,,,,,,,,,,,
1188808902,way,Nagoya,,,オセアニアゾーン,zoo,,,,,,,,,,,,,,,,,,,,,,,,,,,,,,,,,,,,,,,,,,,,,,,,,,,,,,,,,,,,,,,,,,,,,,,,,,,,,,,,,,,,,,,,,,
1188808906,way,Nagoya,,,東山モノレール保存車両,attraction,,,,,,,,,,,,,,,,,,,,,,,,,,,,,,,,,,,,,,,,,,,,,,,,,,,,,,,,,,,,,2,,,,,,,,,,,,,,,,,,,,yes,,,,,,,,,
1189569731,way,Nagoya,,,Wattled Crane,attraction,,,,,,,,,,,,,,,,,,,,,,,,,,,ホオカザリヅル,animal,,,,,,,,,,,,,,,,,,,,,,,,,,,,,,,,,,,,,,,,,,,,,,,,,,,,,,,,,,,,,,
1189569732,way,Nagoya,,,polar bear,attraction,,,,,,,,,,,,,,,,,,,,,,,,,,,ホッキョクグマ,animal,,,,,,,,,,,,,,,,,,,,,,,,,,,,,,,,,,,,,,,,,,,,,,,,,,,,,,,,,,,,,,
1189569733,way,Nagoya,,,フンボルトペンギン,attraction,,,,,,,,,,,,,,,,,,,,,,,,,,,,animal,,,,,,,,,,,,,,,,,,,,,,,,,,,,,,,,,,,,,,,,,,,,,retaining_wall,,,,,,,,,,,,,,,,,
1189569738,way,Nagoya,,,spotted seal,attraction,,,,,,,,,,,,,,,,,,,,,,,,,,,ゴマフアザラシ,animal,,,,,,,,,,,,,,,,,,,,,,,,,,,,,,,,,,,,,,,,,,,,,wall,,,,,,,,,,,,,,,,,
1189569739,way,Nagoya,,,california sea lion,attraction,,,,,,,,,,,,,,,,,,,,,,,,,,,カリフォルニアアシカ,animal,,,,,,,,,,,,,,,,,,,,,,,,,,,,,,,,,,,,,,,,,,,,,wall,,,,,,,,,,,,,,,,,
1189569740,way,Nagoya,,,lion,attraction,,,,,,,,,,,,,,,,,,,,,,,,,,,ライオン,animal,,,,,,,,,,,,,,,,,,,,,,,,,,,,,,,,,,,,,,,,,,,,,,,,,,,,,,,,,,,,,,
1189569743,way,Nagoya,,,emu,attraction,,,,,,,,,,,,,,,,,,,,,,,,,,,エミュー,animal,,,,,,,,,,,,,,,,,,,,,,,,,,,,,,,,,,,,,,,,,,,,,fence,,,,,,,,,,,,,,,,,
1189569745,way,Nagoya,,,ホンドタヌキ,attraction,,,,,,,,,,,,,,,,,,,,,,,,,,,,animal,,,,,,,,,,,,,,,,,,,,,,,,,,,,,,,,,,,,,,,,,,,,,,,,,,,,,,,,,,,,,,
1189771887,way,Nagoya,,,,attraction,,,,,,,,,,,,,,,,,,,,,,,,,,,,animal,,,,,,,,,,,,,,,,,,,,,,,,,,,,,,,,,,,,,,,,,,,,,fence,,,,,,,,,,,,,,,,,
1189771903,way,Nagoya,,,,attraction,,,,,,,,,,,,,,,,,,,,,,,,,,,,,,,,,,,,,,,,,,,,東山動植物園,,,,,,,,,,,,,,,,,,,,,,,,,,,,,,,,,,,,,,,,,,billboard,,,,
1189771911,way,Nagoya,,,チンパンジー,attraction,,,,,,,,,,,,,,,,,,,,,,,,,,,,animal,,,,,,,,,,,,,,,,,,,,,,,,,,,,,,,,,,,,,,,,,,,,,wall,,,,,,,,,,,,,,,,,
1189771923,way,Nagoya,,,アメリカバイソン,attraction,,,,,,,,,,,,,,,,,,,,,,,,,,,,animal,,,,,,,,,,,,,,,,,,,,,,,,,,,,,,,,,,,,,,,,,,,,,retaining_wall,,,,,,,,,,,,,,,,,
1189771924,way,Nagoya,,,ニシゴリラ,attraction,,,,,,,,,,,,,,,,,,,,,,,,,,,,animal,,,,,,,,,,,,,,,,,,,,,,,,,,,,,,,,,,,,,,,,,,grassland,,,wall,,,,,,,,,,,,,,,,,
1189776757,way,Nagoya,,,シンリンオオカミ,attraction,,,,,,,,,,,,,,,,,,,,,,,,,,,,animal,,,,,,,,,,,,,,,,,,,,,,,,,,,,,,,,,,,,,,,,,,,,,wall,,,,,,,,,,,,,,,,,
1189776758,way,Nagoya,,,サバンナエリア建設予定地,attraction,,,,,,,,,,,,,,,,,,,,,,,,,,,,,,,,,,,,,,,,greenfield,,,,,,,,,,,,,,,,,,,,,,,,,,,,,,,,,,,,,,,,,,,,,,,,,,
1189776759,way,Nagoya,,,クロサイ,attraction,,,,,,,,,,,,,,,,,,,,,,,,,,,,animal,,,,,,,,,,,,,,,,,,,,,,,,,,,,,,,,,,,,,,,,,,,,,ditch,,,,,,,,,,,,,,,,,
1189776764,way,Nagoya,,,アルダブラゾウガメ,attraction,,,,,,,,,,,,,,,,,,,,,,,,,,,,animal,,,,,,,,,,,,,,,,,,,,,,,,,,,,,,,,,,,,,,,,,,,,,wall,,,,,,,,,,,,,,,,,
1189776767,way,Nagoya,,,ハクトウワシ,attraction,,,,,,,,,,,,,,,,,,,,,,,,,,,,animal,,,,,,,,,,,,,,,,,,,,,,,,,,,,,,,,,2,,,,,,,,,,,,wall,,,,,,,,,,,,,,,,,
1191333731,way,Nagoya,,,カバ,attraction,,,,,,,,,,,,,,,,,,,,,,,,,,,,animal,,,,,,,,,,,,,,,,,,,,,,,,,,,,,,,,,,,,,,,,,,,,,ditch,,,,,,,,,,,,,,,,,
1191339974,way,Nagoya,,,アメリカゾーン,zoo,,,,,,,,,,,,,,,,,,,,,,,,,,,,,,,,,,,,,,,,,,,,,,,,,,,,,,,,,,,,,,,,,,,,,,,,,,,,,,,,,,,,,,,,,,
1191987380,way,Nagoya,,,,attraction,,,,,,,,,,,,,,,,,,,,,,,,,,,,,,,,,,,,,,,,,,,,,,,,,,,,,,,,,,,,,,,,,,,,,,,,,,,,,,,,,,,,,,,permissive,footway,concrete,
1192225402,way,Nagoya,,,アメリカビーバー,attraction,,,,,,,,,,,,,,,,,,,,,,,,,,,,animal,,,,,,,,,,,,,,,,,,,,,,,,,,,,,,,,,,,,,,,,,,,,,wall,,,,,,,,,,,,,,,,,
1192230967,way,Nagoya,,,エキゾチックプロムナード,attraction,,,,,,,,,,,,,,,,,,,,,,,,,,,,,,,,,,,,,,,,,,,,,,,,,,,,,,,,,,,,,1,,,,,,,,,,,,,,,,,,,,yes,,,,,,,,,
1192230986,way,Nagoya,,,魚類ゾーン,zoo,,,,,,,,,,,,,,,,,,,,,,,,,,,,,,,,,,,,,,,,,,,,,,,,,,,,,,,,,,,,,,,,,,,,,,,,,,,,,,,,,,,,,,,,,,
1192252104,way,Nagoya,,,日本ゾーン,zoo,,,,,,,,,,,,,,,,,,,,,,,,,,,,,,,,,,,,,,,,,,,,,,,,,,,,,,,,,,,,,,,,,,,,,,,,,,,,,,,,,,,,,,,,,,
1192252105,way,Nagoya,,,南アメリカエリア,zoo,,,,,,,,,,,,,,,,,,,,,,,,,,,,,,,,,,,,,,,,,,,,,,,,,,,,,,,,,,,,,,,,,,,,,,,,,,,,,,,,,,,,,,,,,,
1192252106,way,Nagoya,,,北アメリカエリア,zoo,,,,,,,,,,,,,,,,,,,,,,,,,,,,,,,,,,,,,,,,,,,,,,,,,,,,,,,,,,,,,,,,,,,,,,,,,,,,,,,,,,,,,,,,,,
1197287138,way,Nagoya,,,名古屋港水族館,aquarium,yes,,Port of Nagoya Public Aquarium,,,,,,,,KSJ2,,Q7231211,ja:名古屋港水族館,Tu-Su 09:30-17:30,Category:Port of Nagoya Public Aquarium,,,,,,,,,,yes,名古屋港水族館,,,나고야 항 수족관,,,,,,,,https://www.nagoyaaqua.jp/index.html,,retail,,,,,,,,,,,,,,,,,,,,,,,,,,,,,,,,,,,,,,,,,,,,,,,,,,
1203942787,way,Nagoya,,,爲三郎記念館,museum,,,,,,,,,,,,,Q121815987,ja:爲三郎記念館,,,,,,,,,,,,,,,,,,,,,,,,,,,,,,,,,,,,,,,,,,,,,,,,,,,,,,,,,,,,,,,,,,,,,,,,,,,,
1252865091,way,Nagoya,,,文化のみち二葉館,museum,,,Cultural Path Futaba Museum,,,,,,,,,,Q11499780,ja:文化のみち二葉館,,Category:Cultural Path Futaba Museum,,,,,,,,,,,,,,,,,,,,,,,,,,,,,,,,,,,,,,,,,,,,,,,,,,,,,,,,,,,,,,,,,,,,,,,,,,
1299182955,way,Nagoya,,,荒木集成館,museum,,,,,,,,,"National-Land Numerical Information (Public Facility) 2006, MLIT Japan",国土数値情報（公共施設データ）平成19年　国土交通省,MLIT_PLATEAU bldg_e6a681ef-12f4-45c2-9321-28fcb356be4d,http://nlftp.mlit.go.jp/ksj/jpgis/datalist/KsjTmplt-P02-v2_0.html,Q11618756,en:Araki Syuseikan Museum,,Category:Araki Syuseikan Museum,,,,,,,,,,,,,,,,,,,,,,,,,,,,,,,,,,,,,,,,,,,,museum,,,2,44.3,7.7,,,,,,,,,,,,,,,,,,,,,,,,,
1322007758,way,Nagoya,,,唐九郎陶芸記念館,museum,,,,,,,,,,,MLIT_PLATEAU bldg_0b6856f1-0326-4071-bf7c-0cc18cd54ba2,,,,,,,,,,,,,,,,,,,,,,,,,,,,,,,,,,,,,,,,,,,,,,,,,public,,,1,61.8,7.9,,,,,,,,,,,,,,,,,,,,,,,,,
1336405500,way,Nagoya,,,古川美術館,museum,,,,,,,,,"National-Land Numerical Information (Public Facility) 2006, MLIT Japan",国土数値情報（公共施設データ）平成19年　国土交通省,KSJ2,http://nlftp.mlit.go.jp/ksj/jpgis/datalist/KsjTmplt-P02-v2_0.html,Q11411184,ja:古川美術館,,Category:Furukawa Art Museum,,,,,,,,,,,,,,,,,,,,,,,,,,,,,,,,,,,,,,,,,,,,,,,,,,,,,,,,,,,,,,,,,,,,,,,,,,
15970225,way,Nagoya,,,名古屋城本丸御殿,attraction,,,Honmaru Palace,,,,,,,,,,,,Mo-Su 09:00-16:30,,,,,,,,,,,,名古屋城本丸御殿,,,,,,,,,,,,,,,,,,,,,,,,,,,,,,,,,yes,,,,,,,,,,,,,,,,,,,Palais Honmaru,,,,,,,,,,,multipolygon
