osm_id,osm_type,city,lat,lon,access,alt_name:es,alt_name:ja_rm,castle_type,fee,historic,historic:civilization,name,name:de,name:en,name:es,name:fr,name:it,name:ja,name:ja_kana,name:ja_rm,name:ko,name:nl,name:pt,name:th,name:zh,name:zh-Hans,name:zh-Hant,opening_hours,phone,start_date,tourism,website,wheelchair,wikidata,wikipedia,note,note:ja,source,source_ref,wikimedia_commons,KSJ2:ADS,KSJ2:AdminArea,KSJ2:PubFacAdmin,description,alt_name,operator,addr:city,addr:postcode,email,fax,addr:block_number,addr:housenumber,addr:neighbourhood,addr:province,addr:suburb,level,gambling,leisure,internet_access,attraction,advertising,animated,brand,brand:ja-Latn,brand:wikidata,contact:tripadvisor,lit,luminous,message,sides,support,visibility,ele,man_made,addr:quarter,contact:phone,contact:website,name:ja-Hira,short_name,reservation,amenity,cuisine,smoking,charge:adult,charge:child,level:ref,name:ja-Latn,addr:street,contact:instagram,contact:twitter,name:ru,url,memorial,contact:facebook,indoor,shop,inscription,check_date,payment:cash,payment:credit_cards,payment:debit_cards,alt_name:en,alt_name:ja,official_name:en,alt_name:ko,highway,sport,museum,addr:flats,addr:floor,changing_table,operator:type,toilets,toilets:wheelchair,int_name,building,building:levels,architect,architect:wikidata,building:architecture,contact:youtube,operator:wikidata,natural,water,bicycle,covered,surface,religion,internet_access:fee,air_conditioning,addr:country,addr:neighborhood,building:levels:underground,contact:fax,contact:tiktok,height,layer,name:tr,tower:type,bridge:structure,disused:amenity,end_date,locomotive:type,landuse,subject,subject:wikidata,fixme,roof:levels,old_name,source:ja,payment:cards,source:geometry,barrier,fee:child,cargo,ferry,public_transport,name:short,website:en,branch,area,not:name,operator:en,operator:ja,name:yue,short_name:en,type
251378623,node,Osaka,34.6873398,135.5258386,permissive,Castillo Osaka,Ōsaka-jō,shiro,¥700,castle,medieval,大阪城天守閣,Burg Ōsaka,Osaka Castle,Castillo de Osaka,Château d'Osaka,Castello di Osaka,大阪城天守閣,オオサカジョウテンシュカク,Oosaka-jou Tenshukaku,오사카 성,Kasteel Osaka,Castelo de Osaka,ปราสาทโอซาก้า,大阪城天守阁,大阪城天守阁,大阪城天守閣,Mo-Su 09:00-17:00,+81 6 6941 3044,1583,attraction,https://osakacastle.net/,yes,Q321242,ja:大坂城,,,,,,,,,,,,,,,,,,,,,,,,,,,,,,,,,,,,,,,,,,,,,,,,,,,,,,,,,,,,,,,,,,,,,,,,,,,,,,,,,,,,,,,,,,,,,,,,,,,,,,,,,,,,,,,,,,,,,,,,,,,,,,,,,,,,
1422985794,node,Osaka,34.6604380,135.5861910,,,,,,,,司馬遼太郎記念館,,Shiba Ryotaro memorial museum,,,,,,,,,,,,,,,,,museum,,,Q11412294,ja:司馬遼太郎記念館,"National-Land Numerical Information (Public Facility) 2006, MLIT Japan",国土数値情報（公共施設データ）平成19年　国土交通省,KSJ2,http://nlftp.mlit.go.jp/ksj/jpgis/datalist/KsjTmplt-P02-v2_0.html,Category:Shiba Ryotaro Memorial Museum,,,,,,,,,,,,,,,,,,,,,,,,,,,,,,,,,,,,,,,,,,,,,,,,,,,,,,,,,,,,,,,,,,,,,,,,,,,,,,,,,,,,,,,,,,,,,,,,,,,,,,,,,,,,,,,,,,,,,,,,,,,,,,,
1422988631,node,Osaka,34.6668290,135.5854980,,,,,,,,大阪商業大学商業史博物館,,,,,,,,,,,,,,,,,,,museum,,,Q11440106,ja:大阪商業大学商業史博物館,"National-Land Numerical Information (Public Facility) 2006, MLIT Japan",国土数値情報（公共施設データ）平成19年　国土交通省,KSJ2,http://nlftp.mlit.go.jp/ksj/jpgis/datalist/KsjTmplt-P02-v2_0.html,,御厨栄町4-1-10,大阪府東大阪市,民間,,,,,,,,,,,,,,,,,,,,,,,,,,,,,,,,,,,,,,,,,,,,,,,,,,,,,,,,,,,,,,,,,,,,,,,,,,,,,,,,,,,,,,,,,,,,,,,,,,,,,,,,,,,,,,,,,,,,,,,,,,,,
1422989271,node,Osaka,34.6934650,135.4624650,,,,,,,,大阪市下水道科学館,,,,,,,,,,,,,,,,none,,,museum,,,Q11440200,ja:大阪市下水道科学館,"National-Land Numerical Information (Public Facility) 2006, MLIT Japan",国土数値情報（公共施設データ）平成19年　国土交通省,KSJ2,http://nlftp.mlit.go.jp/ksj/jpgis/datalist/KsjTmplt-P02-v2_0.html,Category:Osaka City Sewerage Science Museum,,,,2020年夏頃まで一時閉館中,,,,,,,,,,,,,,,,,,,,,,,,,,,,,,,,,,,,,,,,,,,,,,,,,,,,,,,,,,,,,,,,,,,,,,,,,,,,,,,,,,,,,,,,,,,,,,,,,,,,,,,,,,,,,,,,,,,,,,,,,,,
1422990011,node,Osaka,34.6646523,135.5031573,,,,,,,,大阪府立 上方演芸資料館,,Osaka Prefectural Museum of Kamigata Comedy and Performing Arts,,,,,,,,,,,,,,,,,museum,,,Q11440995,ja:大阪府立上方演芸資料館,"National-Land Numerical Information (Public Facility) 2006, MLIT Japan",国土数値情報（公共施設データ）平成19年　国土交通省,KSJ2,http://nlftp.mlit.go.jp/ksj/jpgis/datalist/KsjTmplt-P02-v2_0.html,,,,,,ワッハ上方,,,,,,,,,,,,,,,,,,,,,,,,,,,,,,,,,,,,,,,,,,,,,,,,,,,,,,,,,,,,,,,,,,,,,,,,,,,,,,,,,,,,,,,,,,,,,,,,,,,,,,,,,,,,,,,,,,,,,,,,,,
1422990204,node,Osaka,34.6839942,135.5180899,,,,,,,,大阪府立現代美術センター,,Osaka Contemporary Art Center,,,,,,,,,,,,,,,,,museum,,yes,Q4707643,en:Osaka Contemporary Art Center,"National-Land Numerical Information (Public Facility) 2006, MLIT Japan",国土数値情報（公共施設データ）平成19年　国土交通省,KSJ2,http://nlftp.mlit.go.jp/ksj/jpgis/datalist/KsjTmplt-P02-v2_0.html,Category:Osaka Contemporary Art Center,,,,,,,,,,,,,,,,,,,,,,,,,,,,,,,,,,,,,,,,,,,,,,,,,,,,,,,,,,,,,,,,,,,,,,,,,,,,,,,,,,,,,,,,,,,,,,,,,,,,,,,,,,,,,,,,,,,,,,,,,,,,,,,
1422991063,node,Osaka,34.7474436,135.5417005,,,,,,,,KEIDAIギャラリー,,,,,,,,,,,,,,,,,,,museum,,,,,"National-Land Numerical Information (Public Facility) 2006, MLIT Japan",国土数値情報（公共施設データ）平成19年　国土交通省,KSJ2,http://nlftp.mlit.go.jp/ksj/jpgis/datalist/KsjTmplt-P02-v2_0.html,,,,,,,,,,,,,,,,,,,,,,,,,,,,,,,,,,,,,,,,,,,,,,,,,,,,,,,,,,,,,,,,,,,,,,,,,,,,,,,,,,,,,,,,,,,,,,,,,,,,,,,,,,,,,,,,,,,,,,,,,,,,,,,,
1422991771,node,Osaka,34.7804650,135.4569140,,,,,,,,奥内陶芸美術館,,,,,,,,,,,,,,,,,,,museum,,,,,"National-Land Numerical Information (Public Facility) 2006, MLIT Japan",国土数値情報（公共施設データ）平成19年　国土交通省,KSJ2,http://nlftp.mlit.go.jp/ksj/jpgis/datalist/KsjTmplt-P02-v2_0.html,,岡町北3-8-7,大阪府豊中市,民間,,,,,,,,,,,,,,,,,,,,,,,,,,,,,,,,,,,,,,,,,,,,,,,,,,,,,,,,,,,,,,,,,,,,,,,,,,,,,,,,,,,,,,,,,,,,,,,,,,,,,,,,,,,,,,,,,,,,,,,,,,,,
1423006333,node,Osaka,34.6875435,135.5022517,,,,,,,,湯木美術館,,,,,,,,,,,,,,,,,,,museum,,,Q11563573,en:Yuki Museum of Art,"National-Land Numerical Information (Public Facility) 2006, MLIT Japan",国土数値情報（公共施設データ）平成19年　国土交通省,KSJ2,http://nlftp.mlit.go.jp/ksj/jpgis/datalist/KsjTmplt-P02-v2_0.html,Category:Yuki Museum of Art,,,,,,,,,,,,,,,,,,,,,,,,,,,,,,,,,,,,,,,,,,,,,,,,,,,,,,,,,,,,,,,,,,,,,,,,,,,,,,,,,,,,,,,,,,,,,,,,,,,,,,,,,,,,,,,,,,,,,,,,,,,,,,,
1423016951,node,Osaka,34.6958942,135.5216842,,,,,no,,,造幣博物館,,Mint Museum,,,,造幣博物館,ゾウヘイハクブツカン,Zouhei Hakubutsukan,,,,,,,,Mo-Su 09:00-16:45,+81 6-6351-5361,,museum,https://www.mint.go.jp/enjoy/plant-osaka/plant_museum.html,yes,Q11271546,ja:造幣博物館,"National-Land Numerical Information (Public Facility) 2006, MLIT Japan",国土数値情報（公共施設データ）平成19年　国土交通省,KSJ2,http://nlftp.mlit.go.jp/ksj/jpgis/datalist/KsjTmplt-P02-v2_0.html,"Category:Mint Museum (Osaka, Japan)",,,,,,造幣局,,,,,,,,,,,,,,,,,,,,,,,,,,,,,,,,,,,,,,,,,,,,,,,,,,,,,,,,,,,,,,,,,,,,,,,,,,,,,,,,,,,,,,,,,,,,,,,,,,,,,,,,,,,,,,,,,,,,,,,,,
1423018611,node,Osaka,34.6982700,135.5998150,,,,,,,,鴻池新田会所,,,,,,,,,,,,,,,,,,,museum,,,,,"National-Land Numerical Information (Public Facility) 2006, MLIT Japan",国土数値情報（公共施設データ）平成19年　国土交通省,KSJ2,http://nlftp.mlit.go.jp/ksj/jpgis/datalist/KsjTmplt-P02-v2_0.html,,鴻池元町2-30,大阪府東大阪市,市区町村,,,,,,,,,,,,,,,,,,,,,,,,,,,,,,,,,,,,,,,,,,,,,,,,,,,,,,,,,,,,,,,,,,,,,,,,,,,,,,,,,,,,,,,,,,,,,,,,,,,,,,,,,,,,,,,,,,,,,,,,,,,,
1423061021,node,Osaka,34.7162548,135.4134125,,,,,,,,世界の貯金箱博物館,,,,,,,,,,,,,,,,,,,museum,,,Q11362202,ja:世界の貯金箱博物館,,,,,,,,,,,,,,,,,,,,,,,,,,,,,,,,,,,,,,,,,,,,,,,,,,,,,,,,,,,,,,,,,,,,,,,,,,,,,,,,,,,,,,,,,,,,,,,,,,,,,,,,,,,,,,,,,,,,,,,,,,,,,,,,,,,,
1423061454,node,Osaka,34.7700410,135.4399060,,,,,no,,,尼崎市立田能資料館,,,,,,,,,,,,,,,,"Tu-Su, PH 10:00-17:00; Mo off",06-6492-1777,,museum,https://www.city.amagasaki.hyogo.jp/gakusyu/,,,,"National-Land Numerical Information (Public Facility) 2006, MLIT Japan",国土数値情報（公共施設データ）平成19年　国土交通省,KSJ2,http://nlftp.mlit.go.jp/ksj/jpgis/datalist/KsjTmplt-P02-v2_0.html,,,,,,,尼崎市,尼崎市田能6-5-1,661-0951,ama-tanosiryokan@city.amagasaki.hyogo.jp,06-6492-1777,,,,,,,,,,,,,,,,,,,,,,,,,,,,,,,,,,,,,,,,,,,,,,,,,,,,,,,,,,,,,,,,,,,,,,,,,,,,,,,,,,,,,,,,,,,,,,,,,,,,,,,,,,,,,,,,,,,,,
1906505143,node,Osaka,34.7045253,135.5102709,,,,,,,,キッズプラザ大阪,,Kids Plaza Osaka,,,,,,,,,,,,,,"Tu-Fr 09:30-17:00; Sa, Su, PH 09:30-19:00; Mo, Dec 28-Jan 02 off",+81-6-6311-6601,,theme_park,https://www.kidsplaza.or.jp/,yes,Q11296794,ja:キッズプラザ大阪,,,local knowledge,,Category:Kids plaza Osaka,,,,,,,大阪市,530-0025,,,1,7,扇町二丁目,大阪府,北区,0;4,,,,,,,,,,,,,,,,,,,,,,,,,,,,,,,,,,,,,,,,,,,,,,,,,,,,,,,,,,,,,,,,,,,,,,,,,,,,,,,,,,,,,,,,,,,,,,,,,,,,,,,,,,,,,,,
2354657950,node,Osaka,34.6683852,135.5011500,,,,,,,,ナルミヤ戎橋画廊,,,,,,,,,,,,,,,,,,,gallery,,,,,,,,,,,,,,,,,,,,,,,,,,,,,,,,,,,,,,,,,,,,,,,,,,,,,,,,,,,,,,,,,,,,,,,,,,,,,,,,,,,,,,,,,,,,,,,,,,,,,,,,,,,,,,,,,,,,,,,,,,,,,,,,,,,,,,,,
2355655801,node,Osaka,34.6944774,135.5109166,,,,,,,,ほたるアート,,,,,,,,,,,,,,,,,,,gallery,,,,,,,,,,,,,,,,,,,,,,,,,,,,,,,,,,,,,,,,,,,,,,,,,,,,,,,,,,,,,,,,,,,,,,,,,,,,,,,,,,,,,,,,,,,,,,,,,,,,,,,,,,,,,,,,,,,,,,,,,,,,,,,,,,,,,,,,
2373447958,node,Osaka,34.6910724,135.4868302,,,,,,,,design museum,,,,,,,,,,,,,,,,,,,museum,https://designde.jp/,,,,,,Bing;survey,,,,,,,,,,,,,,,,,,,,,,,,,,,,,,,,,,,,,,,,,,,,,,,,,,,,,,,,,,,,,,,,,,,,,,,,,,,,,,,,,,,,,,,,,,,,,,,,,,,,,,,,,,,,,,,,,,,,,,,,,,,,,,,,,
2376818627,node,Osaka,34.7094570,135.4919000,,,,,,,,南蛮文化館,,Gallery Namban,,,,,,,,,,,,,,,,,museum,,,Q11408411,ja:南蛮文化館,,,,,,,,,,,,,,,,,,,,,,,,,,,,,,,,,,,,,,,,,,,,,,,,,,,,,,,,,,,,,,,,,,,,,,,,,,,,,,,,,,,,,,,,,,,,,,,,,,,,,,,,,,,,,,,,,,,,,,,,,,,,,,,,,,,,
2681858910,node,Osaka,34.7475834,135.5333027,,,,,,,,上新庄一番,,,,,,,,,,,,,,,,,,,attraction,,,,,,,Bing; survey,,,,,,,,,,,,,,,,,,,pachinko,adult_gaming_centre,,,,,,,,,,,,,,,,,,,,,,,,,,,,,,,,,,,,,,,,,,,,,,,,,,,,,,,,,,,,,,,,,,,,,,,,,,,,,,,,,,,,,,,,,,,,,,,,,,,,,,,,,,,,,
2908598246,node,Osaka,34.6979209,135.5125911,,,,,,,,南森町アートギャラリー,,Minamimorimachi Art Gallery,,,,,,,,,,,,,,,,,gallery,,,,,,,,,,,,,,MAG,,,,,,,,,,,,,,,,,,,,,,,,,,,,,,,,,,,,,,,,,,,,,,,,,,,,,,,,,,,,,,,,,,,,,,,,,,,,,,,,,,,,,,,,,,,,,,,,,,,,,,,,,,,,,,,,,,,,,,,,,,
3066020234,node,Osaka,34.7654830,135.4161380,,,,,,,,掛塚跡プレート,,,,,,,,,,,,,,,,,,,viewpoint,,,,,見当たらない,,,,,,,,,,,,,,,,,,,,,,,no,,,,,,,,,,,,,,,,,,,,,,,,,,,,,,,,,,,,,,,,,,,,,,,,,,,,,,,,,,,,,,,,,,,,,,,,,,,,,,,,,,,,,,,,,,,,,,,,,,,,,,,,,,,,
3072880233,node,Osaka,34.6500950,135.5071240,,,,,,,,キジ,,,,,,,,,,,,,,,,,,,attraction,,,,,,,,,,,,,,,,,,,,,,,,,,,,,animal,,,,,,,,,,,,,,,,,,,,,,,,,,,,,,,,,,,,,,,,,,,,,,,,,,,,,,,,,,,,,,,,,,,,,,,,,,,,,,,,,,,,,,,,,,,,,,,,,,,,,,,,,,,
3072881833,node,Osaka,34.6494030,135.5071000,,,,,,,,フクロウ,,Owls,,,,,,,,,,,,,,,,,attraction,,,,,,,,,,,,,,,,,,,,,,,,,,,,,animal,,,,,,,,,,,,,,,,,,,,,,,,,,,,,,,,,,,,,,,,,,,,,,,,,,,,,,,,,,,,,,,,,,,,,,,,,,,,,,,,,,,,,,,,,,,,,,,,,,,,,,,,,,,
3072882733,node,Osaka,34.6491894,135.5072958,,,,,,,,ホッキョクグマ,,Polar Bears,,,,,,,,,,,,,,,,,attraction,,,,,,,survey,,,,,,,,,,,,,,,,,,,,,,animal,,,,,,,,,,,,,,,,,,,,,,,,,,,,,,,,,,,,,,,,,,,,,,,,,,,,,,,,,,,,,,,,,,,,,,,,,,,,,,,,,,,,,,,,,,,,,,,,,,,,,,,,,,,
3072883433,node,Osaka,34.6491476,135.5076829,,,,,,,,ニホングマ,,,,,,,,,,,,,,,,,,,attraction,,,,,,,survey,,,,,,,,,,,,,,,,,,,,,,animal,,,,,,,,,,,,,,,,,,,,,,,,,,,,,,,,,,,,,,,,,,,,,,,,,,,,,,,,,,,,,,,,,,,,,,,,,,,,,,,,,,,,,,,,,,,,,,,,,,,,,,,,,,,
3072884133,node,Osaka,34.6497950,135.5078780,,,,,,,,アジアゾウ,,,,,,,,,,,,,,,,,,,attraction,,,,,,,survey,,,,,,,,,,,,,,,,,,,,,,animal,,,,,,,,,,,,,,,,,,,,,,,,,,,,,,,,,,,,,,,,,,,,,,,,,,,,,,,,,,,,,,,,,,,,,,,,,,,,,,,,,,,,,,,,,,,,,,,,,,,,,,,,,,,
3072886933,node,Osaka,34.6501619,135.5084042,,,,,,,,ニホンシカ,,Japanese Deer,,,,,,,,,,,,,,,,,attraction,,,,,,,,,,,,,,,,,,,,,,,,,,,,,animal,,,,,,,,,,,,,,,,,,,,,,,,,,,,,,,,,,,,,,,,,,,,,,,,,,,,,,,,,,,,,,,,,,,,,,,,,,,,,,,,,,,,,,,,,,,,,,,,,,,,,,,,,,,
3072890033,node,Osaka,34.6535470,135.5084770,,,,,,,,ワシ,,Eagles,,,,,,,,,,,,,,,,,attraction,,,,,,,,,,,,,,,,,,,,,,,,,,,,,animal,,,,,,,,,,,,,,,,,,,,,,,,,,,,,,,,,,,,,,,,,,,,,,,,,,,,,,,,,,,,,,,,,,,,,,,,,,,,,,,,,,,,,,,,,,,,,,,,,,,,,,,,,,,
3094954698,node,Osaka,34.6510288,135.5088101,,,,,,,,うさぎ,,Rabbits,,,,,,,,,,,,,,,,,attraction,,,,,,,survey,,,,,,,,,,,,,,,,,,,,,,animal,,,,,,,,,,,,,,,,,,,,,,,,,,,,,,,,,,,,,,,,,,,,,,,,,,,,,,,,,,,,,,,,,,,,,,,,,,,,,,,,,,,,,,,,,,,,,,,,,,,,,,,,,,,
3094954699,node,Osaka,34.6511892,135.5088146,,,,,,,,エミュー,,Emus,,,,,,,,,,,,,,,,,attraction,,,,,,,survey,,,,,,,,,,,,,,,,,,,,,,animal,,,,,,,,,,,,,,,,,,,,,,,,,,,,,,,,,,,,,,,,,,,,,,,,,,,,,,,,,,,,,,,,,,,,,,,,,,,,,,,,,,,,,,,,,,,,,,,,,,,,,,,,,,,
3094954700,node,Osaka,34.6524549,135.5086546,,,,,,,,エランド,,Elands,,,,,,,,,,,,,,,,,attraction,,,,,,,survey,,,,,,,,,,,,,,,,,,,,,,animal,,,,,,,,,,,,,,,,,,,,,,,,,,,,,,,,,,,,,,,,,,,,,,,,,,,,,,,,,,,,,,,,,,,,,,,,,,,,,,,,,,,,,,,,,,,,,,,,,,,,,,,,,,,
3094954701,node,Osaka,34.6517075,135.5088856,,,,,,,,オウサマペンギン,,,,,,,,,,,,,,,,,,,attraction,,,,,,,survey,,,,,,,,,,,,,,,,,,,,,,animal,,,,,,,,,,,,,,,,,,,,,,,,,,,,,,,,,,,,,,,,,,,,,,,,,,,,,,,,,,,,,,,,,,,,,,,,,,,,,,,,,,,,,,,,,,,,,,,,,,,,,,,,,,,
3094954703,node,Osaka,34.6527583,135.5087400,,,,,,,,キリン,,Giraffes,,,,,,,,,,,,,,,,,attraction,,,,,,,survey,,,,,,,,,,,,,,,,,,,,,,animal,,,,,,,,,,,,,,,,,,,,,,,,,,,,,,,,,,,,,,,,,,,,,,,,,,,,,,,,,,,,,,,,,,,,,,,,,,,,,,,,,,,,,,,,,,,,,,,,,,,,,,,,,,,
3094954706,node,Osaka,34.6512145,135.5084184,,,,,,,,シギ,,,,,,,,,,,,,,,,,,,attraction,,,,,,,survey,,,,,,,,,,,,,,,,,,,,,,animal,,,,,,,,,,,,,,,,,,,,,,,,,,,,,,,,,,,,,,,,,,,,,,,,,,,,,,,,,,,,,,,,,,,,,,,,,,,,,,,,,,,,,,,,,,,,,,,,,,,,,,,,,,,
3094955700,node,Osaka,34.6525319,135.5084668,,,,,,,,ハイエナ,,Hyenas,,,,,,,,,,,,,,,,,attraction,,,,,,,survey,,,,,,,,,,,,,,,,,,,,,,animal,,,,,,,,,,,,,,,,,,,,,,,,,,,,,,,,,,,,,,,,,,,,,,,,,,,,,,,,,,,,,,,,,,,,,,,,,,,,,,,,,,,,,,,,,,,,,,,,,,,,,,,,,,,
3094955701,node,Osaka,34.6512857,135.5091031,,,,,,,,ヒツジ,,Sheep,,,,,,,,,,,,,,,,,attraction,,,,,,,survey,,,,,,,,,,,,,,,,,,,,,,animal,,,,,,,,,,,,,,,,,,,,,,,,,,,,,,,,,,,,,,,,,,,,,,,,,,,,,,,,,,,,,,,,,,,,,,,,,,,,,,,,,,,,,,,,,,,,,,,,,,,,,,,,,,,
3094955702,node,Osaka,34.6510746,135.5084161,,,,,,,,フラミンゴ,,Flamingos,,,,,,,,,,,,,,,,,attraction,,,,,,,survey,,,,,,,,,,,,,,,,,,,,,,animal,,,,,,,,,,,,,,,,,,,,,,,,,,,,,,,,,,,,,,,,,,,,,,,,,,,,,,,,,,,,,,,,,,,,,,,,,,,,,,,,,,,,,,,,,,,,,,,,,,,,,,,,,,,
3094955703,node,Osaka,34.6517299,135.5090339,,,,,,,,フンボルトペンギン,,,,,,,,,,,,,,,,,,,attraction,,,,,,,survey,,,,,,,,,,,,,,,,,,,,,,animal,,,,,,,,,,,,,,,,,,,,,,,,,,,,,,,,,,,,,,,,,,,,,,,,,,,,,,,,,,,,,,,,,,,,,,,,,,,,,,,,,,,,,,,,,,,,,,,,,,,,,,,,,,,
3094955704,node,Osaka,34.6490787,135.5076377,,,,,,,,マレーグマ,,,,,,,,,,,,,,,,,,,attraction,,,,,,,survey,,,,,,,,,,,,,,,,,,,,,,animal,,,,,,,,,,,,,,,,,,,,,,,,,,,,,,,,,,,,,,,,,,,,,,,,,,,,,,,,,,,,,,,,,,,,,,,,,,,,,,,,,,,,,,,,,,,,,,,,,,,,,,,,,,,
3094955705,node,Osaka,34.6492084,135.5076695,,,,,,,,メガネグマ,,,,,,,,,,,,,,,,,,,attraction,,,,,,,survey,,,,,,,,,,,,,,,,,,,,,,animal,,,,,,,,,,,,,,,,,,,,,,,,,,,,,,,,,,,,,,,,,,,,,,,,,,,,,,,,,,,,,,,,,,,,,,,,,,,,,,,,,,,,,,,,,,,,,,,,,,,,,,,,,,,
3094955706,node,Osaka,34.6526610,135.5084154,,,,,,,,ライオン,,Lions,,,,,,,,,,,,,,,,,attraction,,,,,,,survey,,,,,,,,,,,,,,,,,,,,,,animal,,,,,,,,,,,,,,,,,,,,,,,,,,,,,,,,,,,,,,,,,,,,,,,,,,,,,,,,,,,,,,,,,,,,,,,,,,,,,,,,,,,,,,,,,,,,,,,,,,,,,,,,,,,
3094955707,node,Osaka,34.6510121,135.5089057,,,,,,,,ラクダ,,Camels,,,,,,,,,,,,,,,,,attraction,,,,,,,survey,,,,,,,,,,,,,,,,,,,,,,animal,,,,,,,,,,,,,,,,,,,,,,,,,,,,,,,,,,,,,,,,,,,,,,,,,,,,,,,,,,,,,,,,,,,,,,,,,,,,,,,,,,,,,,,,,,,,,,,,,,,,,,,,,,,
3507545614,node,Osaka,34.6689260,135.5010546,no,,,,,,,道頓堀グリコサイン,,Glico Man Sign,Times square de Osaka,Panneau Glico de Dōtonbori,,,,,도톤보리 글리코 사인,,,ป้ายกูลิโกะ,固力果標誌,,,,,1935,attraction,,,Q18337476,ja:道頓堀グリコサイン,,,,,Category:Glico Man (Dotonbori),,,,,,,,,,,,,,,,,,,,,billboard,no,江崎グリコ,Ezaki Glico,Q391534,12730945,no,yes,commercial,1,wall_mounted,street,,,,,,,,,,,,,,,,,,,,,,,,,,,,,,,,,,,,,,,,,,,,,,,,,,,,,,,,,,,,,,,,,,,,,,,,,,,,,,,,,,,,,,,,,,,,,,,
3568166333,node,Osaka,34.7393793,135.4154127,,,,,,highwater_mark,,,,,,,,,,,,,,,,,,,,,viewpoint,,,,,,,local knowledge,,,,,,,,,,,,,,,,,,,,,,,,,,,,,,,,,,,1.8,lighthouse,,,,,,,,,,,,,,,,,,,,,,,,,,,,,,,,,,,,,,,,,,,,,,,,,,,,,,,,,,,,,,,,,,,,,,,,,,,,,,,,,,,,,,,,,,,,,
3848548679,node,Osaka,34.7229100,135.4227312,,,,,,,,あまらぶアートラボ　A-Lab,,,,,,,,,,,,,,,,,,,museum,,yes,,,,,local knowledge,,,,,,,,,尼崎市,,,,33,1,2,兵庫県,,1,,,,,,,,,,,,,,,,,,,西長洲町,+81-6-7163-7108,http://www.ama-a-lab.com/,あまらぶあーとらぼ　えーらぼ,えーらぼ,,,,,,,,,,,,,,,,,,,,,,,,,,,,,,,,,,,,,,,,,,,,,,,,,,,,,,,,,,,,,,,,,,,,,,,,,,,,,,,,,,,,,,,,
3904027787,node,Osaka,34.6532296,135.5092323,,,,,,,,トラ,,,,,,,,,,,,,,,,,,,attraction,,,,,,,survey,,,,,,,,,,,,,,,,,,,,,,animal,,,,,,,,,,,,,,,,,,,,,,,,,,,,,,,,,,,,,,,,,,,,,,,,,,,,,,,,,,,,,,,,,,,,,,,,,,,,,,,,,,,,,,,,,,,,,,,,,,,,,,,,,,,
3904064434,node,Osaka,34.6954604,135.5182208,,,,,,,,まほうびん記念館,,,,,,,,,,,,,,,,Mo-Fr 10:00-16:00,06-6356-2340,,museum,https://www.zojirushi.co.jp/corp/kinenkan/,,,,予約制,,,,,,,,,,象印マホービン株式会社,,,,,20,5,天満一丁目,,,0,,,,,,,,,,,,,,,,,,,,,,,,required,,,,,,,,,,,,,,,,,,,,,,,,,,,,,,,,,,,,,,,,,,,,,,,,,,,,,,,,,,,,,,,,,,,,,,,,,,,,,,,,,,,,,,,
3953009758,node,Osaka,34.6723975,135.5009862,,,,,,,,ギャラリー ササキ商店,,Gallery SASAKI,,,,ギャラリー ササキ商店,,,,,,,,,,,,,gallery,http://www.gallerysasaki.com/,,,,,,,,,,,,,,,,,,,,,,,,3,,,,,,,,,,,,,,,,,,,,,,,,,,,,,,,,,,,,,,,,,,,,,,,,,,,,,,,,,,,,,,,,,,,,,,,,,,,,,,,,,,,,,,,,,,,,,,,,,,,,,,,,,,,,,,,
4025269787,node,Osaka,34.7227057,135.4120510,,,,,,,,画廊喫茶「蜜」,,,,,,,,,,,,,,,,"Mo-Fr 07:00-17:00; Sa, PH 07:00-12:00",+81-6-6481-3629,,gallery,http://cafemitsu.blog.fc2.com/,limited,,,,,local knowledg,,,,,,,,,尼崎市東難波町5-7-9,,,,,,,,,0,,,wlan,,,,,,,,,,,,,,,,,,,がろうきっさ　みつ,,,cafe,coffee_shop,separated,,,,,,,,,,,,,,,,,,,,,,,,,,,,,,,,,,,,,,,,,,,,,,,,,,,,,,,,,,,,,,,,,,,,,,,,,,,,,,,,,,,,
4071775808,node,Osaka,34.6973382,135.5036525,,,,,,,,ギャラリー菊,,,,,,,,,,,,,,,,,,,gallery,,,,,,,,,,,,,,,,,,,,,,,,,,,,,,,,,,,,,,,,,,,,,,,,,,,,,,,,,,,,,,,,,,,,,,,,,,,,,,,,,,,,,,,,,,,,,,,,,,,,,,,,,,,,,,,,,,,,,,,,,,,,,,,,,,,,,,,,
4190281189,node,Osaka,34.6639801,135.5034923,,,,,,,,千日前道具屋筋店街,,Sennichimae Doguyasuji,,,,千日前道具屋筋店街,,,,,,,,,,,,,attraction,,,,,,,,,,,,,,,,,,,,,,,,,,,,,,,,,,,,,,,,,,,,,,,,,,,,,,,,,,,,,,,,,,,,,,,,,,,,,,,,,,,,,,,,,,,,,,,,,,,,,,,,,,,,,,,,,,,,,,,,,,,,,,,,,,,,,,,,
4190308689,node,Osaka,34.6520901,135.5061908,,,,,,,,新世界,,Shinsekai,,,,,,,신세카이,,,,,,,,,,attraction,,,Q1049117,en:Shinsekai,,,,,Category:Shinsekai,,,,,,,,,,,,,,,,,,,,,,,,,,,,,,,,,,,,,,,,,,,,,,,,,,,,,,,,,,,,,,,,,,,,,,,,,,,,,,,,,,,,,,,,,,,,,,,,,,,,,,,,,,,,,,,,,,,,,,,,,,,,,,,
4236954890,node,Osaka,34.6685828,135.5038166,,,,,,,,ドラゴンゲート,,Dragon Gate,,,,,,,,,,,,,,,,,attraction,,,,,,,,,,,,,,,,,,,,,,,,,,,,,,,,,,,,,,,,,,,,,,,,,,,,,,,,,,,,,,,,,,,,,,,,,,,,,,,,,,,,,,,,,,,,,,,,,,,,,,,,,,,,,,,,,,,,,,,,,,,,,,,,,,,,,,,,
4325335299,node,Osaka,34.7053004,135.4901397,,,,,yes,,,空中庭園展望台,,Floating Garden Observatory,Umeda Sky Building,Observatoire du jardin flottant,Umeda Sky Building,,,,우메다 공중정원 전망대,,,,梅田藍天大廈,,,Mo-Su 09:30-22:30,,,viewpoint,,,,,"Go to 3rd floor, to take elevator to 39th floor. 3階へ移動し、エレベーターで39階へ移動します。",,,,,,,,"Concept attraction within circular observatory area, on top of the tall building. 高層ビルの屋上にある円形の展望台エリアのアトラクションをモチーフにしたコンセプチュアルガーデンです。",,,,,,,,,,,,40,,,,,,,,,,,,,,,,,,,,,,くうちゅう ていえん てんぼうだい,,,,,,2000 JPY,500 JPY,39F,Kūchū teien tenbō-dai,,,,,,,,,,,,,,,,,,,,,,,,,,,,,,,,,,,,,,,,,,,,,,,,,,,,,,,,,,,,,,,,,,,,,,,,,,,,,,,,
4341704465,node,Osaka,34.6579868,135.5600848,,,,,,,,ビリーブムーン,,B.moon,,,,,,,,,,,,,,,,,gallery,,,,,,,survey 2015-08-07,,,,,,,,,,,,,,,,,,0,,,,,,,,,,,,,,,,,,,,,,,,,,,,,,,,,,,,,,,,,,,,,,,,,,,,,,,,,,,,,,,,,,,,,,,,,,,,,,,,,,,,,,,,,,,,,,,,,,,,,,,,,,,,,,,
4417440996,node,Osaka,34.6687491,135.5043300,,,,,,,,,,Dōtombori Arcade,,,,,,,,,,,,,,,,,attraction,,,,,,,,,,,,,,,,,,,,,,,,,,,,,,,,,,,,,,,,,,,,,,,,,,,,,,,,,,,,,,,,,,,,,,,,,,,,,,,,,,,,,,,,,,,,,,,,,,,,,,,,,,,,,,,,,,,,,,,,,,,,,,,,,,,,,,,,
4419665990,node,Osaka,34.7104664,135.5114334,,,,,,,,大阪くらしの今昔館,,Osaka Museum of Housing and Living,,,,大阪くらしの今昔館,,,오사카 주택박물관,,,,大阪生活今昔馆,,,We-Mo 10:00-17:00,,,museum,,,Q11439926,ja:大阪くらしの今昔館,,,,,Category:Osaka Museum of Housing and Living,,,,,,,,,,,4,20,天神橋六丁目,,,7;8;9,,,,,,,,,,,,,,,,,,,,,https://www.osaka-angenet.jp/konjyakukan/,,,,,,,,,,,,,,,,,,,,,,,,,,,,,,,,,,,,,,,,,,,,,,,,,,,,,,,,,,,,,,,,,,,,,,,,,,,,,,,,,,,,,,,,,,
4441763434,node,Osaka,34.7149245,135.4208108,,,,,,,,尼崎市立歴史博物館,,,,,,,,,,,,,,,,,,2020-10-10,museum,http://www.archives.city.amagasaki.hyogo.jp/museum/,,Q11464987,ja:尼崎市立歴史博物館,,,,,Category:Amagasaki City Museum of History,,,,,,尼崎市,,,,,,,,,,,,,,,,,,,,,,,,,,,,,,,,,,,,,,,,,,,,,,,,,,,,,,,,,,,,,,,,,,,,,,,,,,,,,,,,,,,,,,,,,,,,,,,,,,,,,,,,,,,,,,,,,,,,,,,,,
4586410090,node,Osaka,34.6720061,135.4988014,,,,,,,,アメリカ村,,American Village,,,,アメリカ村,あめりかむら,,아메리카무라,,,,美國村,,,,,,attraction,,limited,Q4745722,ja:アメリカ村,,,,,Category:Amerika-mura,,,,,Amerika-Mura,,,,,,,,,,,,,,,,,,,,,,,,,,,,,,,,,あめりかむら,,,,,,,,,Amerikamura,,,,,,,,,,,,,,,,,,,,,,,,,,,,,,,,,,,,,,,,,,,,,,,,,,,,,,,,,,,,,,,,,,,,,,,,,,,,,,,,
4586417789,node,Osaka,34.6687571,135.4954509,,,,,,,,湊町リバープレイス,,,,,,,,,,,,,,,,,,,viewpoint,,,,,,,,,,,,,,,,,,,,,,,,,,,,,,,,,,,,,,,,,,,,,,,,,,,,,,,,,,,,,,,,,,,,,,,,,,,,,,,,,,,,,,,,,,,,,,,,,,,,,,,,,,,,,,,,,,,,,,,,,,,,,,,,,,,,,,,,
4586417790,node,Osaka,34.6726167,135.5003673,,,,,,,,御堂筋銀杏,,,,,,御堂筋銀杏,,,,,,,,,,,,,attraction,,,,,,,,,,,,,,,,,,,,,,,,,,,,,,,,,,,,,,,,,,,,,,,,,,,,,,,,,,,,,,,,,,,,,,,,,,,,,,,,,,,,,,,,,,,,,,,,,,,,,,,,,,,,,,,,,,,,,,,,,,,,,,,,,,,,,,,,
4586420089,node,Osaka,34.6742186,135.5013722,,,,,,,,心斎橋筋商店街,,Shinsaibashi Suji Shopping Street,,,,心斎橋筋商店街,,,홉슈크림,,,,,,,,,,attraction,https://shinsaibashi-noh.jp/,,,,,,,,,,,,,,,,,,,,,,,,,,,,,,,,,,,,,,,,,,,,,,,,,,,,,,,,,,,,,,,,,,,,,,,,,,,,,,,,,,,,,,,,,,,,,,,,,,,,,,,,,,,,,,,,,,,,,,,,,,,,,,,,,,,,,,,
4586420091,node,Osaka,34.6710156,135.4954996,,,,,,,,オレンジストリート,,orange street,,,,,,,,,,,,,,,,,attraction,,,,,,,,,,,,,,,,,,,,,,,,,,,,,,,,,,,,,,,,,,,,,,,,,,,,,,,,,南堀江立花通,,,,,,,,,,,,,,,,,,,,,,,,,,,,,,,,,,,,,,,,,,,,,,,,,,,,,,,,,,,,,,,,,,,,,,,,,,,,,,,
4698067490,node,Osaka,34.6759714,135.5013854,,,,,,,,,,Shinsaibashi-suji Shopping Arcade,,,,,,,,,,,,,,,,,attraction,,,,,,,,,,,,,,,,,,,,,,,,,,,,,,,,,,,,,,,,,,,,,,,,,,,,,,,,,,,,,,,,,,,,,,,,,,,,,,,,,,,,,,,,,,,,,,,,,,,,,,,,,,,,,,,,,,,,,,,,,,,,,,,,,,,,,,,,
4702930289,node,Osaka,34.7047450,135.5191215,,,,,,,,,,Kema Sakuranomiya Park,,,,,,,,,,,,,,,,,attraction,,,,,,,,,,,,,,,,,,,,,,,,,,,,,,,,,,,,,,,,,,,,,,,,,,,,,,,,,,,,,,,,,,,,,,,,,,,,,,,,,,,,,,,,,,,,,,,,,,,,,,,,,,,,,,,,,,,,,,,,,,,,,,,,,,,,,,,,
4702930389,node,Osaka,34.6990598,135.5234091,,,,,,,,,,Kema Sakuranomiya Park,,,,,,,,,,,,,,,,,attraction,,,,,,,,,,,,,,,,,,,,,,,,,,,,,,,,,,,,,,,,,,,,,,,,,,,,,,,,,,,,,,,,,,,,,,,,,,,,,,,,,,,,,,,,,,,,,,,,,,,,,,,,,,,,,,,,,,,,,,,,,,,,,,,,,,,,,,,,
4730583824,node,Osaka,34.6662150,135.4316903,,,,,,,,ジョーズ,,JAWS,,,,,,,,,,,,,,,,,attraction,,,,,,,,,,,,,,,,,,,,,,,,,,,,,,,,,,,,,,,,,,,,,,,,,,,,,,,,,,,,,,,,,,,,,,,,,,,,,,,,,,,,,,,,,,,,,,,,,,,,,,,,,,,,,,,,,,,,,,,,,,,,,,,,,,,,,,,,
4755568882,node,Osaka,34.7065298,135.5055157,,,,,,,,イロリムラ,,,,,,,,,,,,,,,,,,,gallery,,,,,,,,,,,,,,,,,,,,,,,,,,,,,,,,,,,,,,,,,,,,,,,,,,,,,,,,,,,,,,,,,,,,,,,,,,,,,,,,,,,,,,,,,,,,,,,,,,,,,,,,,,,,,,,,,,,,,,,,,,,,,,,,,,,,,,,,
4794637923,node,Osaka,34.6809146,135.5006223,,,,,,,,芭蕉終焉の地,,,,,,芭蕉終焉の地,,,,,,,,,,,,,attraction,,,,,,,,,,,,,,,,,,,,,,,,,,,,,,,,,,,,,,,,,,,,,,,,,,,,,,,,,,,,,,,,,,,,,,,,,,,,,,,,,,,,,,,,,,,,,,,,,,,,,,,,,,,,,,,,,,,,,,,,,,,,,,,,,,,,,,,,
4798455141,node,Osaka,34.6652575,135.4355877,,,,,,,,スペース・ファンタジー・ザ・ライド,,,,,,スペース・ファンタジー・ザ・ライド,,,,,,,,,,,,,attraction,,,Q7572345,ja:スペース・ファンタジー・ザ・ライド,,,,,,,,,,,,,,,,,,,,,,,,,,,,,,,,,,,,,,,,,,,,,,,,,,,,,,,,,,,,,,,,,,,,,,,,,,,,,,,,,,,,,,,,,,,,,,,,,,,,,,,,,,,,,,,,,,,,,,,,,,,,,,,,,,,,
4800578702,node,Osaka,34.7101102,135.4559560,,,,,,,,西淀川公害資料館,,,,,,,,,,,,,,,,Mo-Fr 10:00-17:00,,,museum,https://www.kcc-grp.com/,,,,,,,,,,,,西淀川・公害と環境資料館,,あおぞら財団,,,,,,,,,,5,,,,,,,,,,,,,,,,,,,,,,,,,,,,,,,,,,,,,,,,,,,,,,,,,,,,,,,,,,,,,,,,,,,,,,,,,,,,,,,,,,,,,,,,,,,,,,,,,,,,,,,,,,,,,,,
4807613474,node,Osaka,34.6459798,135.5135227,,,,,yes,,,ハルカス300,,Harukas 300,,Harukas 300,,,,,,,,,Harukas 300觀覽台,,,Mo-Su 09:00-22:00,,,viewpoint,,,Q118213997,,,,,,,,,,,,,大阪市,545-0052,,,1,24,1丁目,大阪府,阿倍野区,57;58;59,,,,,,,,,,9606157,,,,,,,,,阿倍野筋,,https://www.abenoharukas-300.jp/observatory/index.html,,,,,,,2000 JPY,1200 JPY;700 JPY;500 JPY,,Harukas 300,,harukas300,harukas300_ob,,,,,,,,,,,,,,,,,,,,,,,,,,,,,,,,,,,,,,,,,,,,,,,,,,,,,,,,,,,,,,,,,,,,,,,,,,,,,
4807613479,node,Osaka,34.6458431,135.5131689,,,,,yes,,,あべのハルカス美術館,,Abeno Harukas Art Museum,,Musée d'art d'Abeno Harukas,,,,,,,,,,,,Tu-Fr 10:00-20:00; Sa-Mo 10:00-18:00; PH 10:00-18:00,,2014-03-22,museum,,,Q59536065,en:Abeno Harukas Art Museum,,,,,,,,,,,,大阪市,545-0052,,,1,24,1丁目,大阪府,阿倍野区,15,,,,,,,,,,6619977,,,,,,,,,阿倍野筋,+81 6-4399-9050,https://www.aham.jp/,あべのハルカスびじゅつかん,,,,,,,,16F,Abeno Harukasu Bijutsukan,,abeno_harukas_art_museum,harukas_museum,,,,,,,,,,,,,,,,,,,,,,,,,,,,,,,,,,,,,,,,,,,,,,,,,,,,,,,,,,,,,,,,,,,,,,,,,,,,,
4847269022,node,Osaka,34.6185207,135.4906490,,,,,,,,,,Onsen,,,,,,,,,,,,,,,,,attraction,,,,,,,,,,,,,,,,,,,,,,,,,,,,,,,,,,,,,,,,,,,,,,,,,,,,,,,,,,,,,,,,,,,,,,,,,,,,,,,,,,,,,,,,,,,,,,,,,,,,,,,,,,,,,,,,,,,,,,,,,,,,,,,,,,,,,,,,
4847990721,node,Osaka,34.6551472,135.4299216,,,,,,,,天保山ハーバービレッジ,,Tempozan Harbor Village,,,,,,,,,,,,,,,,,attraction,,yes,,,,,,,,,,,,,,,,,,,,,,,,,,,,,,,,,,,,,,,,,,,,,,,,,,,,,,,,,,,,,,,,,,,,,,,,,,,,,,,,,,,,,,,,,,,,,,,,,,,,,,,,,,,,,,,,,,,,,,,,,,,,,,,,,,,,,,
4849725626,node,Osaka,34.6687933,135.5014975,,,,,,,,,,Kani Doraku Crab,,,,,,,,,,,,,,,,,attraction,,,,,,,,,,,,,,,,,,,,,,,,,,,,,,,,,,,,,,,,,,,,,,,,,,,,,,,,,,,,,,,,,,,,,,,,,,,,,,,,,,,,,,,,,,,,,,,,,,,,,,,,,,,,,,,,,,,,,,,,,,,,,,,,,,,,,,,,
4874425748,node,Osaka,34.6621107,135.5618809,,,,,,,,プリシラ工房,,,,,,,,,,,,,,,,,,,gallery,,,,,,,survey 2017-05-24,,,,,,,,,,,,,,,,,,1,,,,,,,,,,,,,,,,,,,,,,,,,,,,,,,,,,,,,,,,,,,,,,,,,,,,,,,,,,,,,,,,,,,,,,,,,,,,,,,,,,,,,,,,,,,,,,,,,,,,,,,,,,,,,,,
4888173123,node,Osaka,34.6691362,135.5027051,,,,,,,,とんぼりリバークルーズ,,Tombori River Cruise,,,,,,,,,,ท่าขึ้นเรือ,,,,,,,attraction,https://www.ipponmatsu.co.jp/cruise/tombori.html,no,,,,,,,,,,,,道頓堀川遊覽船,,,,,,,,,,,,,,,,,,,,,,,,,,,,,,,,,,,,,,,,,,,,,,,,,,,,,,,,,,,,,,,,,,,,,,,,,,,,,,,,,,,,,,,,,,,,,,,,,,,,,,,,,,,,,,,,,,,,,,,,,,
4888177821,node,Osaka,34.6691158,135.4999380,,,,,,,,道頓堀川遊覽船,,,,,,道頓堀川遊覽船,,,,,,,,,,,,,attraction,,,,,,,,,,,,,,,,,,,,,,,,,,,,,,,,,,,,,,,,,,,,,,,,,,,,,,,,,,,,,,,,,,,,,,,,,,,,,,,,,,,,,,,,,,,,,,,,,,,,,,,,,,,,,,,,,,,,,,,,,,,,,,,,,,,,,,,,
4899903022,node,Osaka,34.6104698,135.4686278,,,,,,,,天然露天溫泉SPA住之江,,Spa Suminoe,,,,天然露天溫泉SPA住之江,,,,,,,,,,10:00-02:00,06-6685-1126,,attraction,http://www.spasuminoe.jp/,,,,,,,,,,,,,,,大阪市,559-0023,,,1,82,1,大阪府,住之江区,,,,,,,,,,,,,,,,,,,,泉,,,,,,,,,,,,,,,,,,,,,,,,,,,,,,,,,,,,,,,,,,,,,,,,,,,,,,,,,,,,,,,,,,,,,,,,,,,,,,,,,,,,,,,,,,,,
4900389800,node,Osaka,34.7016851,135.4966139,,,,,,,,水の時計,,Water Clock,,,,,,,,,,,,,,,,,attraction,,,,,,,,,,,,,,,,,,,,,,,,,0,,,,,,,,,,,,,,,,,,,,,,,,,fountain,,,,,,,,,,Графический фонтан,https://www.youtube.com/watch?v=9cFN_S8NflQ,,,,,,,,,,,,,,,,,,,,,,,,,,,,,,,,,,,,,,,,,,,,,,,,,,,,,,,,,,,,,,,,,,,,,,,,,,,
4920617728,node,Osaka,34.6826183,135.5208131,,,,,,,,大阪歴史博物館,,Osaka Museum of History,,Musée d'histoire d'Osaka,,大阪歴史博物館,,,오사카 역사박물관,Historisch museum Osaka,,,大阪歷史博物館,,,We-Mo 09:30-17:00,+81-6-6946-5728,,museum,https://www.osakamushis.jp/,yes,Q11261312,ja:大阪歴史博物館,,,,,Category:Osaka Museum of History,,,,,,,,,,,,,,,,,,,,,,,,,,,,,,,,,,,,,,,,,,,,,,,,,,,,,,,,,,,,,,,,,,,,,,,,,,,,,,,,,,,,,,,,,,,,,,,,,,,,,,,,,,,,,,,,,,,,,,,,,,,,,,,
4920825524,node,Osaka,34.6383133,135.4148695,,,,,,,,大阪府咲洲庁舎展望台,,Observation Deck Cosmo Tower,,,,大阪府咲洲庁舎展望台,,,,,,,大阪府咲洲行政大樓展望台,,,,,,viewpoint,,,,,,,,,,,,,,さきしまコスモタワー展望台,,,,,,,,,,,,,,,,,,,,,,,,,,,,,,,,,,,,,,,,,,,,,,,,,,,,,,,,,,,,,,,,,,,,,,,,,,,,,,,,,,,,,,,,,,,,,,,,,,,,,,,,,,,,,,,,,,,,,,,,,,
4921001151,node,Osaka,34.6674830,135.4314141,,,,,,,,ホグワーツ特急のフォト・オポチュニティ,,Hogwarts Express Photo,,,,,,,,,,,,,,,,,attraction,,,,,,,,,,,,,,,,,,,,,,,,,,,,,,,,,,,,,,,,,,,,,,,,,,,,,,,,,,,,,,,,,,,,,,,,,,,,,,,,,,,,,,,,,,,,,,,,,,,,,,,,,,,,,,,,,,,,,,,,,,,,,,,,,,,,,,,,
4921001154,node,Osaka,34.6688375,135.4316302,,,,,,,,ハリーポッター・アンド・ザ・フォービドゥン・ジャーニー,,Harry Potter and The Forbidden Journey in 4K3D,Harry Potter and The Forbidden Journey in 4K3D,,,,,,,,,,哈利波特禁忌之旅,,,,,,attraction,,yes,Q2453087,en:Harry Potter and the Forbidden Journey,,,,,Category:Harry Potter and the Forbidden Journey,,,,,,,,,,,,,,,,,,,,,,,,,,,,,,,,,,,,,,,,,,,,,,,,,,,,,,,,,,,,,,,,,,,,,,,,,,,,,,,,,,,,,,,,,,,,,,,,,,,,,,,,,,,,,,,,,,,,,,,,,,,,,,,
4921052703,node,Osaka,34.6641330,135.4333900,,,,,,,,フォーティセカンド・ストリート・スタジオ ～グリーティング・ギャラリー～,,42nd Street Studio: Greeting Gallery,,,,,,,,,,,,,,,,,attraction,,,,,,,,,,,,,,,,,,,,,,,,,,,,,,,,,,,,,,,,,,,,,,,,,,,,,,,,,,,,,,,,,,,,,,,,,,,,,,,,,,,,,,,,,,,,,,,,,,,,,,,,,,,,,,,,,,,,,,,,,,,,,,,,,,,,,,,,
4921052714,node,Osaka,34.6667677,135.4297516,,,,,,,,ウォーターワールド,,Water World,Water World,,,,,,,,,,,,,,,,attraction,,,Q1207226,en:Water World,,,,,,,,,,,,,,,,,,,,,,,,,,,,,,,,,,,,,,,,,,,,,,,,,,,,,,,,,,,,,,,,,,,,,,,,,,,,,,,,,,,,,,,,,,,,,,,,,,,,,,,,,,,,,,,,,,,,,,,,,,,,,,,,,,,,
4921052719,node,Osaka,34.6643967,135.4306258,,,,,,,,ジュラシック・パーク・ザ・ライド,,Jurassic Park - The Ride,,,,,,,,,,,侏儸紀公園 - 乘船遊,,,,,,attraction,,,,,,,,,,,,,,,,,,,,,,,,,,,,,,,,,,,,,,,,,,,,,,,,,,,,,,,,,,,,,,,,,,,,,,,,,,,,,,,,,,,,,,,,,,,,,,,,,,,,,,,,,,,,,,,,,,,,,,,,,,,,,,,,,,,,,,,,
4921054659,node,Osaka,34.6667609,135.4325632,,,,,,,,フライング・スヌーピー,,The Flying Snoopy,,,,,,,,,,,,,,,,,attraction,,,,,,,,,,,,,,,,,,,,,,,,,,,,,,,,,,,,,,,,,,,,,,,,,,,,,,,,,,,,,,,,,,,,,,,,,,,,,,,,,,,,,,,,,,,,,,,,,,,,,,,,,,,,,,,,,,,,,,,,,,,,,,,,,,,,,,,,
4921054660,node,Osaka,34.6669573,135.4329387,,,,,,,,ハローキティのカップケーキ・ドリーム,,Hello Kitty's Cupcake Dream,,,,,,,,,,,,,,,,,attraction,,,,,,,,,,,,,,,,,,,,,,,,,,,,,,,,,,,,,,,,,,,,,,,,,,,,,,,,,,,,,,,,,,,,,,,,,,,,,,,,,,,,,,,,,,,,,,,,,,,,,,,,,,,,,,,,,,,,,,,,,,,,,,,,,,,,,,,,
4921054661,node,Osaka,34.6674492,135.4329628,,,,,,,,ビッグバードのビッグトップ・サーカス,,Big Bird's Big Top Circus,,,,,,,,,,,,,,,,,attraction,,,,,,,,,,,,,,,,,,,,,,,,,,,,,,,,,,,,,,,,,,,,,,,,,,,,,,,,,,,,,,,,,,,,,,,,,,,,,,,,,,,,,,,,,,,,,,,,,,,,,,,,,,,,,,,,,,,,,,,,,,,,,,,,,,,,,,,,
4921054662,node,Osaka,34.6675266,135.4332374,,,,,,,,エルモのリトル・ドライブ,,Elmo's Little Drive,,,,,,,,,,,,,,,,,attraction,,,,,,,,,,,,,,,,,,,,,,,,,,,,,,,,,,,,,,,,,,,,,,,,,,,,,,,,,,,,,,,,,,,,,,,,,,,,,,,,,,,,,,,,,,,,,,,,,,,,,,,,,,,,,,,,,,,,,,,,,,,,,,,,,,,,,,,,
4921054664,node,Osaka,34.6672683,135.4326731,,,,,,,,ハローキティのリボン・コレクション,,Hello Kitty's Cupcake Dream,,,,,,,,,,,,,,,,,attraction,,,,,,,,,,,,,,,,,,,,,,,,,,,,,,,,,,,,,,,,,,,,,,,,,,,,,,,,,,,,,,,,,,,,,,,,,,,,,,,,,,,,,,,,,,,,,,,,,,,,,,,,,,,,,,,,,,,,,,,,,,,,,,,,,,,,,,,,
4921054665,node,Osaka,34.6673621,135.4335509,,,,,,,,モッピーのバルーン・トリップ,,Moppy's Balloon Trip,,,,,,,,,,,,,,,,,attraction,,,,,,,,,,,,,,,,,,,,,,,,,,,,,,,,,,,,,,,,,,,,,,,,,,,,,,,,,,,,,,,,,,,,,,,,,,,,,,,,,,,,,,,,,,,,,,,,,,,,,,,,,,,,,,,,,,,,,,,,,,,,,,,,,,,,,,,,
4921054666,node,Osaka,34.6672109,135.4333625,,,,,,,,エルモのゴーゴー・スケートボード,,Elmo's Go-GO Skateboard,,,,,,,,,,,,,,,,,attraction,,,,,,,,,,,,,,,,,,,,,,,,,,,,,,,,,,,,,,,,,,,,,,,,,,,,,,,,,,,,,,,,,,,,,,,,,,,,,,,,,,,,,,,,,,,,,,,,,,,,,,,,,,,,,,,,,,,,,,,,,,,,,,,,,,,,,,,,
4921054667,node,Osaka,34.6673628,135.4340334,,,,,,,,セサミのビッグ・ドライブ,,Sesame's Big Drive,,,,,,,,,,,,,,,,,attraction,,,,,,,,,,,,,,,,,,,,,,,,,,,,,,,,,,,,,,,,,,,,,,,,,,,,,,,,,,,,,,,,,,,,,,,,,,,,,,,,,,,,,,,,,,,,,,,,,,,,,,,,,,,,,,,,,,,,,,,,,,,,,,,,,,,,,,,,
4921054668,node,Osaka,34.6672992,135.4337326,,,,,,,,ウォーターガーデン,,Water Garden,,,,,,,,,,,,,,,,,attraction,,,,,,,,,,,,,,,,,,,,,,,,,,,,,,,,,,,,,,,,,,,,,,,,,,,,,,,,,,,,,,,,,,,,,,,,,,,,,,,,,,,,,,,,,,,,,,,,,,,,,,,,,,,,,,,,,,,,,,,,,,,,,,,,,,,,,,,,
4921054670,node,Osaka,34.6675727,135.4336709,,,,,,,,クッキーモンスター・スライド,,Cookie Monster Slide,,,,,,,,,,,,,,,,,attraction,,,,,,,,,,,,,,,,,,,,,,,,,,,,,,,,,,,,,,,,,,,,,,,,,,,,,,,,,,,,,,,,,,,,,,,,,,,,,,,,,,,,,,,,,,,,,,,,,,,,,,,,,,,,,,,,,,,,,,,,,,,,,,,,,,,,,,,,
4921054671,node,Osaka,34.6675044,135.4335905,,,,,,,,アビーのマジカル・ツリー,,Abby's Magical Tree,,,,,,,,,,,,,,,,,attraction,,,,,,,,,,,,,,,,,,,,,,,,,,,,,,,,,,,,,,,,,,,,,,,,,,,,,,,,,,,,,,,,,,,,,,,,,,,,,,,,,,,,,,,,,,,,,,,,,,,,,,,,,,,,,,,,,,,,,,,,,,,,,,,,,,,,,,,,
4921054672,node,Osaka,34.6679147,135.4330245,,,,,,,,ビッグバードのビッグ・ネスト,,Big Bird's Big Nest,,,,,,,,,,,,,,,,,attraction,,,,,,,,,,,,,,,,,,,,,,,,,,,,,,,,,,,,,,,,,,,,,,,,,,,,,,,,,,,,,,,,,,,,,,,,,,,,,,,,,,,,,,,,,,,,,,,,,,,,,,,,,,,,,,,,,,,,,,,,,,,,,,,,,,,,,,,,
4921054673,node,Osaka,34.6680647,135.4330406,,,,,,,,モッピーのラッキー・ダンス・パーティ,,Moppy's Lucky Dance Party,,,,,,,,,,,,,,,,,attraction,,,,,,,,,,,,,,,,,,,,,,,,,,,,,,,,,,,,,,,,,,,,,,,,,,,,,,,,,,,,,,,,,,,,,,,,,,,,,,,,,,,,,,,,,,,,,,,,,,,,,,,,,,,,,,,,,,,,,,,,,,,,,,,,,,,,,,,,
4921054674,node,Osaka,34.6682029,135.4331362,,,,,,,,エルモのバブル・バブル,,Elmo's Bubble Bubble,,,,,,,,,,,,,,,,,attraction,,,,,,,,,,,,,,,,,,,,,,,,,,,,,,,,,,,,,,,,,,,,,,,,,,,,,,,,,,,,,,,,,,,,,,,,,,,,,,,,,,,,,,,,,,,,,,,,,,,,,,,,,,,,,,,,,,,,,,,,,,,,,,,,,,,,,,,,
4921054675,node,Osaka,34.6681640,135.4335154,,,,,,,,グローバーのコンストラクション・カンパニー,,Grover's Construction Company,,,,,,,,,,,,,,,,,attraction,,,,,,,,,,,,,,,,,,,,,,,,,,,,,,,,,,,,,,,,,,,,,,,,,,,,,,,,,,,,,,,,,,,,,,,,,,,,,,,,,,,,,,,,,,,,,,,,,,,,,,,,,,,,,,,,,,,,,,,,,,,,,,,,,,,,,,,,
4921054676,node,Osaka,34.6680294,135.4334537,,,,,,,,アビーのマジカル・パーティ,,,,,,,,,,,,,,,,,,,attraction,,,,,,,,,,,,,,,,,,,,,,,,,,,,,,,,,,,,,,,,,,,,,,,,,,,,,,,,,,,,,,,,,,,,,,,,,,,,,,,,,,,,,,,,,,,,,,,,,,,,,,,,,,,,,,,,,,,,,,,,,,,,,,,,,,,,,,,,
4921054677,node,Osaka,34.6678750,135.4334215,,,,,,,,バートとアーニーのワンダー・ザ・シー,,Bert and Ernie's Wonder -The Sea,,,,,,,,,,,,,,,,,attraction,,,,,,,,,,,,,,,,,,,,,,,,,,,,,,,,,,,,,,,,,,,,,,,,,,,,,,,,,,,,,,,,,,,,,,,,,,,,,,,,,,,,,,,,,,,,,,,,,,,,,,,,,,,,,,,,,,,,,,,,,,,,,,,,,,,,,,,,
4921452594,node,Osaka,34.6629178,135.4323485,,,,,,,,ミニオン・ハチャメチャ・ライド,,Despicable Me: Minion Mayhem,Despicable Me: Minion Mayhem,,,,,,,,,,迷你兵團調皮百厭乘車遊,,,,,,attraction,,,Q15535185,en:Despicable Me Minion Mayhem,,,,,Category:Despicable Me: Minion Mayhem,,,,,,,,,,,,,,,,,,,,,,,,,,,,,,,,,,,,,,,,,,,,,,,,,,,,,,,,,,,,,,,,,,,,,,,,,,,,,,,,,,,,,,,,,,,,,,,,,,,,,,,,,,,,,,,,,,,,,,,,,,,,,,,
4921452595,node,Osaka,34.6687220,135.4315306,,,,,,,,ホグワーツ・キャッスル・ウォーク,,Hogwarts Castle Walk,Hogwarts Castle Walk,,,,,,,,,,,,,,,,attraction,,,,,,,,,,,,,,,,,,,,,,,,,,,,,,,,,,,,,,,,,,,,,,,,,,,,,,,,,,,,,,,,,,,,,,,,,,,,,,,,,,,,,,,,,,,,,,,,,,,,,,,,,,,,,,,,,,,,,,,,,,,,,,,,,,,,,,,,
4934746243,node,Osaka,34.6679581,135.4352965,,,,,,,,ユニバーサル・グローブ,,,,,,,,,,,,,,,,,,,attraction,,,,,,,,,,,,,,,,,,,,,,,,,,,,,,,,,,,,,,,,,,,,,,,,,,,,,,,,,,,,,,,,,,,,,,,,,,,,,,,,,,,,,,,,,,,,,,,,,,,,,,,,,,,,,,,,,,,,,,,,,,,,,,,,,,,,,,,,
4935126377,node,Osaka,34.6671996,135.4337528,,,,,,,,アーニーのラバーダッキー・レース,,Ernie's Rubber Duckie Race,,,,,,,,,,,,,,,,,attraction,,,,,,,,,,,,,,,,,,,,,,,,,,,,,,,,,,,,,,,,,,,,,,,,,,,,,,,,,,,,,,,,,,,,,,,,,,,,,,,,,,,,,,,,,,,,,,,,,,,,,,,,,,,,,,,,,,,,,,,,,,,,,,,,,,,,,,,,
4939477102,node,Osaka,34.7912135,135.5381362,,,,,,,,南山田市民ギャラリー,,,,,,,,,,,,,,,,,,,gallery,,,,,,,,,,,,,,,,,,,,,,,,,,,,,,,,,,,,,,,,,,,,,,,,,,,,,,,,,,,,,,,,,,,,,,,,,,,,,,,,,,,,,,,,,,,,,,,,,,,,,,,,,,,,,,,,,,,,,,,,,,,,,,,,,,,,,,,,
4950215822,node,Osaka,34.6694410,135.5012919,,,,,,,,心斋桥筋商店街,,Shisaibashi-Suji,,,,心斋桥筋商店街,,,,,,ชินไชบาชิ,,,,,,,attraction,,,,,,,,,,,,,,,,,,,,,,,,,,,,,,,,,,,,,,,,,,,,,,,,,,,,,,,,,,,,,,,,,,,,,,,,,,,,,,,,,,,,,,,,,,,,,,,,,,,,,,,,,,,,,,,,,,,,,,,,,,,,,,,,,,,,,,,,
4959218109,node,Osaka,34.7805787,135.4624779,,,,,,,,奥内陶芸美術館,,,,,,,,,,,,,,,,"Tu-Fr,Su 10:00-16:00; Dec 20-31,Jan 01-10 off; PH off",+81 6 6852 3842,,museum,,,,,,,,,,,,,,,,,,,,,,,,,,,,,,,,,,,,,,,,,,,,,,,,,,,,,,,,,,,,,,,,,,,,,,,,,,,,,,,,,,,,,,,,,,,,,,,,,,,,,,,,,,,,,,,,,,,,,,,,,,,,,,,,,,,,,,,,
4986090493,node,Osaka,34.6507142,135.5872881,,,,,,memorial,,23年養殖クロマグロ原寸大レプリカ,,,,,,,,,,,,,,,,,,,attraction,,,,,,,,,,,,,,,,,,,,,,,,,,,,,,,,,,,,,,,,,,,,,,,,,,,,,,,,,,,,,,statue,,,,,,,,,,,,,,,,,,,,,,,,,,,,,,,,,,,,,,,,,,,,,,,,,,,,,,,,,,,,,,,,,,,,,,,,,,
4986090498,node,Osaka,34.6522496,135.5865790,,,,,,,,,,,,,,,,,,,,,,,,,,,viewpoint,,,,,,,,,,,,,,,,,,,,,,,,,,,,,,,,,,,,,,,,,,,,,,,,,,,,,,,,,,,,,,,,,,,,,,,,,,,,,,,,,,,,,,,,,,,,,,,,,,,,,,,,,,,,,,,,,,,,,,,,,,,,,,,,,,,,,,,,
4986099037,node,Osaka,34.6513318,135.5863229,,,,,,,,不倒館,,,,,,,,,,,,,,,,,,,museum,,yes,,,,,,,,,,,,,,,,,,,,,,,,,,,,,,,,,,,,,,,,,,,,,,,,,,,,,,,,,,,,,,,,,,,,,,,,,,,,,,,,,,,,,,,,,,,,,,,,,,,,,,,,,,,,,,,,,,,,,,,,,,,,,,,,,,,,,,
5005577624,node,Osaka,34.6701948,135.5523778,,,,,,,,mrs Triangle,,,,,,,,,,,,,,,,,,,museum,,,,,,,,,,,,,,,,,,,,,,,,,,,,,,,,,,,,,,,,,,,,,,,,,,,,,,,,,,,,,,,,,,,,,,,,,,,,,,,,,,,,,,,,,,,,,,,,,,,,,,,,,,,,,,,,,,,,,,,,,,,,,,,,,,,,,,,,
5149144823,node,Osaka,34.6662720,135.5070387,,,,,,,,黒門市場,,Kuromon Ichiba Market,,,,黒門市場,,,쿠로몬시장,,,,,,,,,,attraction,,,,,,,,,,,,,,,,,,,,,,,,,,,,,,,,,,,,,,,,,,,,,,,,,,,,,,,,,,,,,,,,,,,,,,,,,,,,,,,,,,,,,,,,,,,,,,,,,,,,,,,,,,,,,,,,,,,,,,,,,,,,,,,,,,,,,,,,
5156557168,node,Osaka,34.7206234,135.4200593,,,,,,,,尼崎市地域研究史料館,,,,,,,,,,,,,,,,,,,museum,,,,,,,local knowledge,,,,,,,,,,,,,,,,,,6,,,,,,,,,,,,,,,,,,,,,http://www.archives.city.amagasaki.hyogo.jp/,,,,,,,,,,,,,,,,,https://www.facebook.com/AmagasakiMunicipalArchives/,yes,,,,,,,,,,,,,,,,,,,,,,,,,,,,,,,,,,,,,,,,,,,,,,,,,,,,,,,,,,,,,,,,,,,,,,,,
5173016378,node,Osaka,34.7931712,135.5084905,,,,,,,,平和祈念資料館,,,,,,,,,,,,,,,,,,,museum,,,,,,,,,,,,,,,,,,,,,,,,,7,,,,,,,,,,,,,,,,,,,,,,,,,,,,,,,,,,,,,,,,,,,,,,,,,,,,,,,,,,,,,,,,,,,,,,,,,,,,,,,,,,,,,,,,,,,,,,,,,,,,,,,,,,,,,,,
5178256363,node,Osaka,34.6931852,135.4953906,,,,,,,,中之島 香雪美術館,,Kosetsu Museum,,,,,,,,,,,,,,,,,museum,,,,,,,,,,,,,,,,,,,,,,,,,3,,,,,,,,,,,,,,,,,,,,,,,,,,,,,,,,,,,,,,,,,,,,,,,,,,,,,,,,,,,,,,,,,,,,,,,,,,,,,,,,,,,,,,,,,,,,,,,,,,,,,,,,,,,,,,,
5178256364,node,Osaka,34.6931665,135.4925233,,,,,,,,ダイビルサロン“1923”,,,,,,,,,,,,,,,,,,,museum,,,,,,,,,,,,,,,,,,,,,,,,,0,,,,,,,,,,,,,,,,,,,,,,,,,,,,,,,,,,,,,,,,,,,,,,,,,,,,,,,,,,,,,,,,,,,,,,,,,,,,,,,,,,,,,,,,,,,,,,,,,,,,,,,,,,,,,,,
5232334734,node,Osaka,34.6706336,135.5948195,,,,,,,,カラオケ キングスポート,,,,,,,,,,,,,,,,,,,attraction,,,,,,,,,,,,,,,,,,,,,,,,,,,,,,,,,,,,,,,,,,,,,,,,,,,,,,,,,,,,,,,,,,,,,,,,,,,,,,,,,,,,,,,,,,,,,,,,,,,,,,,,,,,,,,,,,,,,,,,,,,,,,,,,,,,,,,,,
5255236943,node,Osaka,34.6906633,135.5899067,,,,,,,,X-Bowl,,,,,,,,,,,,,,,,,,,attraction,,,,,,,,,,,,,,,,,,,,,,,,,,,,,,,,,,,,,,,,,,,,,,,,,,,,,,,,,,,,,,,,,,,,,,,,,,,,,,,,,,,,,,,,,,,,,,,,,,,,,,,,,,,,,,,,,,,,,,,,,,,,,,,,,,,,,,,,
5281672932,node,Osaka,34.6459445,135.4936093,,,,,,,,カラオケ・サウンドスタイル,,,,,,,,,,,,,,,,,,,attraction,,,,,,,,,,,,,,,,,,,,,,,,,,,,,,,,,,,,,,,,,,,,,,,,,,,,,,,,,,,,,,,,,,,,,,,,,,,,,,,,,,,,,,,,,,,,,,,,,,,,,,,,,,,,,,,,,,,,,,,,,,,,,,,,,,,,,,,,
5283017823,node,Osaka,34.6455488,135.4985032,,,,,,,,パチンコ・パチスロ 萩ノ茶屋会館,,Haginochaya Kaikan,,,,,,,,,,,,,,,,,attraction,,,,,,,,,,,,,,,,,,,,,,,,,,,,,,,,,,,,,,,,,,,,,,,,,,,,,,,,,,,,,,,,,,,,,,,,,,,,,,,,,,,,,,,,,,,,,,,,,,,,,,,,,,,,,,,,,,,,,,,,,,,,,,,,,,,,,,,,
5283017827,node,Osaka,34.6458441,135.4982086,,,,,,,,ニュー桃太郎,,,,,,,,,,,,,,,,,,,attraction,,,,,,,,,,,,,,,,,,,,,,,,,,,,,,,,,,,,,,,,,,,,,,,,,,,,,,,,,,,,,,,,,,,,,,,,,,,,,,,,,,,,,,,,,,,,,,,,,,,,,,,,,,,,,,,,,,,,,,,,,,,,,,,,,,,,,,,,
5289805728,node,Osaka,34.6965588,135.5052397,,,,,,,,大阪現代画廊,,,,,,,,,,,,,,,,,,,gallery,,,,,,,,,,,,,,,,,,,,,,,,,,,,,,,,,,,,,,,,,,,,,,,,,,,,,,,,,,,,,,,,,art,,,,,,,,,,,,,,,,,,,,,,,,,,,,,,,,,,,,,,,,,,,,,,,,,,,,,,,,,,,,,,,,,,,,,,,
5289805729,node,Osaka,34.6965731,135.5051961,,,,,,,,現代クラフトギャラリー,,,,,,,,,,,,,,,,,,,gallery,,,,,,,,,,,,,,,,,,,,,,,,,,,,,,,,,,,,,,,,,,,,,,,,,,,,,,,,,,,,,,,,,art,,,,,,,,,,,,,,,,,,,,,,,,,,,,,,,,,,,,,,,,,,,,,,,,,,,,,,,,,,,,,,,,,,,,,,,
5300316851,node,Osaka,34.6524656,135.4314293,,,,,,,,glögg,,,,,,,,,,,,,,,,,,,gallery,,,,,,,,,,,,,,,,,,,,,,,,,1,,,,,,,,,,,,,,,,,,,,,,,,,,,,,,,,,,,,,,,,variety_store,,,,,,,,,,,,,,,,,,,,,,,,,,,,,,,,,,,,,,,,,,,,,,,,,,,,,,,,,,,,,,,,,,,,,,,
5334662051,node,Osaka,34.6103780,135.5215686,,,,,,,,花と緑と自然の情報センター,,,,,,,,,,,,,,,,,,,museum,,,,,,,,,,,,,,,,,,,,,,,,,,,,,,,,,,,,,,,,,,,,,,,,,,,,,,,,,,,,,,,,,,,,,,,,,,,,,,,,,,,,,,,,,,,,,,,,,,,,,,,,,,,,,,,,,,,,,,,,,,,,,,,,,,,,,,,,
5372112129,node,Osaka,34.6887320,135.4545312,,,,,,,,旧鴻池本店,,,,,,,,,,,,,,,,,,,viewpoint,,,,,,,,,,,,,,,,,,,,,,,,,,,,,,,,,,,,,,,,,,,,,,,,,,,,,,,,,,,,,,,,,,,,,,,,,,,,,,,,,,,,,,,,,,,,,,,,,,,,,,,,,,,,,,,,,,,,,,,,,,,,,,,,,,,,,,,,
5375093924,node,Osaka,34.6847402,135.4596414,,,,,,,,The Three Konohana,,,,,,,,,,,,,,,,,,,gallery,,,,,,,,,,,,,,,,,,,,,,,,,,,,,,,,,,,,,,,,,,,,,,,,,,,,,,,,,,,,,,,,,,,,,,,,,,,,,,,,,,,,,,,,,,,,,,,,,,,,,,,,,,,,,,,,,,,,,,,,,,,,,,,,,,,,,,,,
5375093928,node,Osaka,34.6838637,135.4622542,,,,,,,,梅香堂,,Baikado,,,,,,,,,,,,,,Th-Mo 13:00-19:00,+81 6 6460 7620,,museum,http://baikado.org,,,,,,,,,,,,,,,,,,,,,,,,,,,,,,,,,,,,,,,,,,,,,,,,,,,,,,,,,,,,,,,,,,,,,,,,,,,,,,,,,,,,,,,,,,,,,,,,,,,,,,,,,,,,,,,,,,,,,,,,,,,,,,,,,,,,,,,
5375095621,node,Osaka,34.6839663,135.4623266,,,,,,,,初代大坂船奉行所跡,,,,,,,,,,,,,,,,,,,viewpoint,,,,,,,,,,,,,,,,,,,,,,,,,,,,,,,,,,,,,,,,,,,,,,,,,,,,,,,,,,,,,,,,,,,,,,,,,,,,,,,,,,,,,,,,,,,,,,,,,,,,,,,,,,,,,,,,,,,,,,,,,,,,,,,,,,,,,,,,
5377512232,node,Osaka,34.6775566,135.4587888,,,,,,,,大阪鉄工所跡,,,,,,,,,,,,,,,,,,,viewpoint,,,,,,,,,,,,,,,,,,,,,,,,,,,,,,,,,,,,,,,,,,,,,,,,,,,,,,,,,,,,,,,,,,,,,,,,,,,,,,,,,,,,,,,,,,,,,,,,,,,,,,,,,,,,,,,,,,,,,,,,,,,,,,,,,,,,,,,,
5377531430,node,Osaka,34.6791369,135.4571772,,,,,,memorial,,八州軒の跡,,,,,,,,,,,,,,,,,,,viewpoint,,,,,,,,,,,,,,,,,,,,,,,,,,,,,,,,,,,,,,,,,,,,,,,,,,,,,,,,,,,,,,,,,,,,,,,,,,,,,,,,,,,,,,,,,,,,,,,,,,,,,,,,,,,,,,,,,,,,,,,,,,,,,,,,,,,,,,,,
5382471641,node,Osaka,34.7124177,135.4445544,,,,,,,,グレイス千船,,,,,,,,,,,,,,,,,,,attraction,,,,,,,,,,,,,,,,,,,,,,,,,,,,,,,,,,,,,,,,,,,,,,,,,,,,,,,,,,,,,,,,,,,,,,,,,,,,,,,,,,,,,,,,,,,,,,,,,,,,,,,,,,,,,,,,,,,,,,,,,,,,,,,,,,,,,,,,
5423929861,node,Osaka,34.6660268,135.4318939,,,,,,,,ハンギング・シャーク,,JAWS' Hanging Shark,,,,,,,,,,,,,,,,,attraction,,,,,,,,,,,,,,,,,,,,,,,,,,,,,,,,,,,,,,,,,,,,,,,,,,,,,,,,,,,,,,,,,,,,,,,,,,,,,,,,,,,,,,,,,,,,,,,,,,,,,,,,,,,,,,,,,,,,,,,,,,,,,,,,,,,,,,,,
5425719322,node,Osaka,34.7502450,135.5339592,,,,,,,,麻雀プレイメイト,,,,,,,,,,,,,,,,,,,attraction,,,,,,,,,,,,,,,,,,,,,,,,,0,,,,,,,,,,,,,,,,,,,,,,,,,,,,,,,,,,,,,,,,,,,,,,,,,,,,,,,,,,,,,,,,,,,,,,,,,,,,,,,,,,,,,,,,,,,,,,,,,,,,,,,,,,,,,,,
5428381537,node,Osaka,34.7475192,135.5361189,,,,,,,,カラオケバー Nana,,,,,,,,,,,,,,,,,,,attraction,,,,,,,,,,,,,,,,,,,,,,,,,,,,,,,,,,,,,,,,,,,,,,,,,,,,,,,,,,,,,,,,,,,,,,,,,,,,,,,,,,,,,,,,,,,,,,,,,,,,,,,,,,,,,,,,,,,,,,,,,,,,,,,,,,,,,,,,
5428429531,node,Osaka,34.7477860,135.5378443,,,,,,,,マイウェイ（ビリヤード）,,,,,,,,,,,,,,,,,,,attraction,,,,,,,,,,,,,,,,,,,,,,,,,,,,,,,,,,,,,,,,,,,,,,,,,,,,,,,,,,,,,,,,,,,,,,,,,,,,,,,,,,,,,,,,,,,,,,,,,,,,,,,,,,,,,,,,,,,,,,,,,,,,,,,,,,,,,,,,
5453440825,node,Osaka,34.7395487,135.5922172,,,,,,,,Fiore 古川橋,,,,,,,,,,,,,,,,,,,attraction,,,,,,,,,,,,,,,,,,,,,,,,,,,,,,,,,,,,,,,,,,,,,,,,,,,,,,,,,,,,,,,,,,,,,,,,,,,,,,,,,,,,,,,,,,,,,,,,,,,,,,,,,,,,,,,,,,,,,,,,,,,,,,,,,,,,,,,,
5455501821,node,Osaka,34.6169993,135.5323781,,,,,,,,パチンコ パークファイブ,,Pachinko Park 5,,,,,,,,,,,,,,,,,attraction,,,,,,,,,,,,,,,,,,,,,,,,,,,,,,,,,,,,,,,,,,,,,,,,,,,,,,,,,,,,,,,,,,,,,,,,,,,,,,,,,,,,,,,,,,,,,,,,,,,,,,,,,,,,,,,,,,,,,,,,,,,,,,,,,,,,,,,,
5456098728,node,Osaka,34.6212573,135.5314030,,,,,,,,パチンコ 大阪ホール 駒川店,,,,,,,,,,,,,,,,,,,attraction,,,,,,,,,,,,,,,,,,,,,,,,,,,,,,,,,,,,,,,,,,,,,,,,,,,,,,,,,,,,,,,,,,,,,,,,,,,,,,,,,,,,,,,,,,,,,,,,,,,,,,,,,,,,,,,,,,,,,,,,,,,,,,,,,,,,,,,,
5456099027,node,Osaka,34.6212717,135.5303631,,,,,,,,123 駒川店,,,,,,,,,,,,,,,,,,,attraction,,,,,,,,,,,,,,,,,,,,,,,,,,,,,,,,,,,,,,,,,,,,,,,,,,,,,,,,,,,,,,,,,,,,,,,,,,,,,,,,,,,,,,,,,,,,,,,,,,,,,,,,,,,,,,,,,,,,,,,,,,,,,,,,,,,,,,,,
5458525333,node,Osaka,34.6148374,135.5331662,,,,,,,,丸山ダンス 針中野教室,,,,,,,,,,,,,,,,,,,attraction,,,,,,,,,,,,,,,,,,,,,,,,,,,,,,,,,,,,,,,,,,,,,,,,,,,,,,,,,,,,,,,,,,,,,,,,,,,,,,,,,,,,,,,,,,,,,,,,,,,,,,,,,,,,,,,,,,,,,,,,,,,,,,,,,,,,,,,,
5458547622,node,Osaka,34.6162237,135.5310967,,,,,,,,クラブ温泉（麻雀）,,,,,,,,,,,,,,,,,,,attraction,,,,,,,,,,,,,,,,,,,,,,,,,,,,,,,,,,,,,,,,,,,,,,,,,,,,,,,,,,,,,,,,,,,,,,,,,,,,,,,,,,,,,,,,,,,,,,,,,,,,,,,,,,,,,,,,,,,,,,,,,,,,,,,,,,,,,,,,
5494243622,node,Osaka,34.6166870,135.4909071,,,,,,,,,,Kohama shotengai,,,,,,,,,,,,,,,,,attraction,,,,,,,,,,,,,,,,,,,,,,,,,,,,,,,,,,,,,,,,,,,,,,,,,,,,,,,,,,,,,,,,,,,,,,,,,,,,,,,,,,,,,,,,,,,,,,,,,,,,,,,,,,,,,,,,,,,,,,,,,,,,,,,,,,,,,,,,
5500179225,node,Osaka,34.7091552,135.5036156,,,,,,,,アトリエ三月,,,,,,,,,,,,,,,,,,,gallery,,,,,,,,,,,,,,,,,,,,,,,,,,,,,,,,,,,,,,,,,,,,,,,,,,,,,,,,,,,,,,,,,,,,,,,,,,,,,,,,,,,,,,,,,,,,,,,,,,,,,,,,,,,,,,,,,,,,,,,,,,,,,,,,,,,,,,,,
5504144422,node,Osaka,34.7768920,135.5062051,,,,,,,,画廊ル・パルク,,Gallery Le Parc,,,,,,,,,,,,,,,+81 6 6387 9499,,gallery,https://leparc.co.jp/gallery,,,,,,,,,,,,,,,,,,,,,,,,,,,,,,,,,,,,,,,,,,,,,,,,,,,,,,,,,,,,,,,,,,,,,,,,,,,,,,,,,,,,,,,,,,,,,,,,,,,,,,,,,,,,,,,,,,,,,,,,,,,,,,,,,,,,,,,
5519624547,node,Osaka,34.6645994,135.5886772,,,,,,,,HOS ボウリングスペースhit,,,,,,,,,,,,,,,,,,,attraction,,,,,,,,,,,,,,,,,,,,,,,,,,,,,,,,,,,,,,,,,,,,,,,,,,,,,,,,,,,,,,,,,,,,,,,,,,,,,,,,,,,,,,,,,,,,,,,,,,,,,,,,,,,,,,,,,,,,,,,,,,,,,,,,,,,,,,,,
5553522805,node,Osaka,34.6873271,135.4870265,,,,,,,,MEZI SPACE,,,,,,,,,,,,,,,,,,,gallery,,,,,,,,,,,,,,,,,,,,,,,,,1,,,,,,,,,,,,,,,,,,,,,,,,,,,,,,,,,,,,,,,,art,,,,,,,,,,,,,,,,,,,,,,,,,,,,,,,,,,,,,,,,,,,,,,,,,,,,,,,,,,,,,,,,,,,,,,,
5553692822,node,Osaka,34.6331174,135.5165545,,,,,,,,ギャラリーMoi,,,,,,,,,,,,,,,,,,,gallery,,,,,,,,,,,,,,,,,,,,,,,,,,,,,,,,,,,,,,,,,,,,,,,,,,,,,,,,,,,,,,,,,art,,,,,,,,,,,,,,,,,,,,,,,,,,,,,,,,,,,,,,,,,,,,,,,,,,,,,,,,,,,,,,,,,,,,,,,
5553713421,node,Osaka,34.6287846,135.5116528,,,,,,,,gallery So-Ra,,,,,,,,,,,,,,,,,,,gallery,,,,,,,,,,,,,,,,,,,,,,,,,,,,,,,,,,,,,,,,,,,,,,,,,,,,,,,,,,,,,,,,,art,,,,,,,,,,,,,,,,,,,,,,,,,,,,,,,,,,,,,,,,,,,,,,,,,,,,,,,,,,,,,,,,,,,,,,,
5558088539,node,Osaka,34.6454819,135.4921880,,,,,,,,,,bathhouse,,,,,,,,,,,,,,,,,attraction,,,,,,,,,,,,,,,,,,,,,,,,,,,,,,,,,,,,,,,,,,,,,,,,,,,,,,,,,,,,,,,,,,,,,,,,,,,,,,,,,,,,,,,,,,,,,,,,,,,,,,,,,,,,,,,,,,,,,,,,,,,,,,,,,,,,,,,,
5568199021,node,Osaka,34.6874960,135.5079550,,,,,,,,10W Gallery,,,,,,,,,,,,,,,,,,,gallery,,,,,,,,,,,,,,,,,,,,,,,,,,,,,,,,,,,,,,,,,,,,,,,,,,,,,,,,,,,,,,,,,art,,,,,,,,,,,,,,,,,,,,,,,,,,,,,,,,,,,,,,,,,,,,,,,,,,,,,,,,,,,,,,,,,,,,,,,
5568286522,node,Osaka,34.7076423,135.4963415,,,,,,,,芝田町画廊,,,,,,,,,,,,,,,,,,,gallery,,,,,,,,,,,,,,,,,,,,,,,,,,,,,,,,,,,,,,,,,,,,,,,,,,,,,,,,,,,,,,,,,art,,,,,,,,,,,,,,,,,,,,,,,,,,,,,,,,,,,,,,,,,,,,,,,,,,,,,,,,,,,,,,,,,,,,,,,
5580146921,node,Osaka,34.6987131,135.5129565,,,,,,,,ギャラリーびー玉,,BI-DAMAS,,,,,,,,,,,,,,,,,gallery,,,,,,,,,,,,,,,,,,,,,,,,,,,,,,,,,,,,,,,,,,,,,,,,,,,,,,,,,,,,,,,,,art,,,,,,,,,,,,,,,,,,,,,,,,,,,,,,,,,,,,,,,,,,,,,,,,,,,,,,,,,,,,,,,,,,,,,,,
5585702821,node,Osaka,34.6504606,135.5133495,,,,,,,,Nano Gallery,,,,,,,,,,,,,,,,,,,gallery,,,,,,,,,,,,,,,,,,,,,,,,,,,,,,,,,,,,,,,,,,,,,,,,,,,,,,,,,,,,,,,,,art,,,,,,,,,,,,,,,,,,,,,,,,,,,,,,,,,,,,,,,,,,,,,,,,,,,,,,,,,,,,,,,,,,,,,,,
5587134721,node,Osaka,34.6769825,135.5035573,,,,,,,,ai gallery,,,,,,,,,,,,,,,,,,,gallery,,,,,,,,,,,,,,,,,,,,,,,,,1,,,,,,,,,,,,,,,,,,,,,,,,,,,,,,,,,,,,,,,,art,,,,,,,,,,,,,,,,,,,,,,,,,,,,,,,,,,,,,,,,,,,,,,,,,,,,,,,,,,,,,,,,,,,,,,,
5593789121,node,Osaka,34.7080819,135.5080591,,,,,,,,ぎゃらりぃ あと,,,,,,,,,,,,,,,,,,,gallery,,,,,,,,,,,,,,,,,,,,,,,,,,,,,,,,,,,,,,,,,,,,,,,,,,,,,,,,,,,,,,,,,art,,,,,,,,,,,,,,,,,,,,,,,,,,,,,,,,,,,,,,,,,,,,,,,,,,,,,,,,,,,,,,,,,,,,,,,
5599543524,node,Osaka,34.6744256,135.5191382,,,,,,,,風雅,,,,,,,,,,,,,,,,,,,gallery,,,,,,,,,,,,,,,,,,,,,,,,,0,,,,,,,,,,,,,,,,,,,,,,,,,,,,,,,,,,,,,,,,art,,,,,,,,,,,,,,,,,,,,,,,,,,,,,,,,,,,,,,,,,,,,,,,,,,,,,,,,,,,,,,,,,,,,,,,
5619249821,node,Osaka,34.6959859,135.5023481,,,,,,,,乙画廊,,,,,,,,,,,,,,,,,,,gallery,,,,,,,,,,,,,,,,,,,,,,,,,,,,,,,,,,,,,,,,,,,,,,,,,,,,,,,,,,,,,,,,,art,,,,,,,,,,,,,,,,,,,,,,,,,,,,,,,,,,,,,,,,,,,,,,,,,,,,,,,,,,,,,,,,,,,,,,,
5623231922,node,Osaka,34.6867694,135.4949861,,,,,,,,道,,,,,,,,,,,,,,,,,,,gallery,,,,,,,,,,,,,,,,,,,,,,,,,1,,,,,,,,,,,,,,,,,,,,,,,,,,,,,,,,,,,,,,,,art,,,,,,,,,,,,,,,,,,,,,,,,,,,,,,,,,,,,,,,,,,,,,,,,,,,,,,,,,,,,,,,,,,,,,,,
5680538929,node,Osaka,34.6903739,135.4931764,,,,,,,,ondo,,,,,,,,,,,,,,,,,,,gallery,,,,,,,,,,,,,,,,,,,,,,,,,2,,,,,,,,,,,,,,,,,,,,,,,,,,,,,,,,,,,,,,,,art,,,,,,,,,,,,,,,,,,,,,,,,,,,,,,,,,,,,,,,,,,,,,,,,,,,,,,,,,,,,,,,,,,,,,,,
5718634809,node,Osaka,34.7711303,135.4531487,,,,,,,,,,,,,,,,,,,,,,,,,,,viewpoint,,,,,,,local knowledge,,,,,,,,,,,,,,,,,,,,,,,,,,,,,,,,,,,,,,,,,,,,,,,,,,,,,,,,,,,,,,,,,,,,,,,,,,,,,,,,,,,,,,,,,,,,,,,,,,,,,,,,,,,,,,,,,,,,,,,,,,,,,,,,,
5724839951,node,Osaka,34.7629385,135.5195643,,,,,,,,アサヒビール ミュージアム,,Asahi Beer Museum,,,,,,,,,,,,,,,,,attraction,https://www.asahibeer.co.jp/brewery/suita/,,,,,,,,,,,,,,,,,,,,,,,,,,,,,,,,,,,,,,,,,,,,,,,,,,,,,,,,,,,,,,,,,,,,,,,,,,,,,,,,,,,,,,,,,,,,,,,,,,,,,,,,,,,,,,,,,,,,,,,,,,,,,,,,,,,,,,,
5765552254,node,Osaka,34.6830637,135.4988700,,,,,,,,ESPACE 446,,,,,,,,,,,,,,,,,,,gallery,,,,,,,,,,,,,,,,,,,,,,,,,,,,,,,,,,,,,,,,,,,,,,,,,,,,,,,,,,,,,,,,,art,,,,,,,,,,,,,,,,,,,,,,,,,,,,,,,,,,,,,,,,,,,,,,,,,,,,,,,,,,,,,,,,,,,,,,,
5779150153,node,Osaka,34.6613591,135.5019768,,,,,,,,なんばパークス Namba Parks,,Namba Parks,,,,,,,,,,,,,,Mo-Su 11:00-21:00,,,attraction,,,,,,,,,,,,,,,,,,,,,,,,,,,,,,,,,,,,,,,,,,,,,,,,,,,,,,,,,,,,,,,,,,,,,,,,,,,,,,,,,,,,,,,,,,,,,,,,,,,,,,,,,,,,,,,,,,,,,,,,,,,,,,,,,,,,,,,,
5798712092,node,Osaka,34.7078219,135.5043887,,,,,,,,モノコト,,,,,,,,,,,,,,,,,,,gallery,,,,,,,,,,,,,,,,,,,,,,,,,,,,,,,,,,,,,,,,,,,,,,,,,,,,,,,,,,,,,,,,,,,,,,,,,,,,,,,,,,,,,,,,,,,,,,,,,,,,,,,,,,,,,,,,,,,,,,,,,,,,,,,,,,,,,,,,
5855833687,node,Osaka,34.7037868,135.4898899,,,,,,,,ränbu,,,,,,,,,,,,,,,,We-Mo 12:30-19:30,0663457122,,gallery,,,,,,,,,,,,,,,,,,,,,,,,,,,,,,,,,,,,,,,,,,,,,,,,,,,,,,,,,,,,,,,,,variety_store,,,,,,,,,,,,,,,,,,,,,,,,,,,,,,,,,,,,,,,,,,,,,,,,,,,,,,,,,,,,,,,,,,,,,,,
5875318369,node,Osaka,34.6236135,135.5552012,,,,,,,,新聞屋さん博物館,,,,,,,,,,,,,,,,,,,museum,,,Q11503970,ja:新聞屋さん博物館,,,,,,,,,,,,,,,,,,,,,0,,,,,,,,,,,,,,,,,,,,,,,,,,,,,,,,,,,,,,,,,,,,,,,,,,,,,,,,,,,,,,,,,,,,,,,,,,,,,,,,,,,,,,,,,,,,,,,,,,,,,,,,,,,,,,,
5905547485,node,Osaka,34.6872194,135.4934211,,,,,,,,GALLERY ZERO,,,,,,,,,,,,,,,,,,,gallery,,,,,,,,,,,,,,,,,,,,,,,,,,,,,,,,,,,,,,,,,,,,,,,,,,,,,,,,,,,,,,,,,art,,,,,,,,,,,,,,,,,,,,,,,,,,,,,,,,,,,,,,,,,,,,,,,,,,,,,,,,,,,,,,,,,,,,,,,
5928190893,node,Osaka,34.6984304,135.5983764,,,,,,,,ニュー大池会館,,,,,,,,,,,,,,,,,,,attraction,,,,,,,,,,,,,,,,,,,,,,,,,,,,,,,,,,,,,,,,,,,,,,,,,,,,,,,,,,,,,,,,,,,,,,,,,,,,,,,,,,,,,,,,,,,,,,,,,,,,,,,,,,,,,,,,,,,,,,,,,,,,,,,,,,,,,,,,
5928190913,node,Osaka,34.7013903,135.5981980,,,,,,,,勿入渕跡,,,,,,,,,,,,,,,,,,,viewpoint,,,,,,,,,,,,,,,,,,,,,,,,,,,,,,,,,,,,,,,,,,,,,,,,,,,,,,,,,,,,,,,,,,,,,,,,,,,,,,,,,,,,,,,,,,,,,,,,,,,,,,,,,,,,,,,,,,,,,,,,,,,,,,,,,,,,,,,,
5948011695,node,Osaka,34.7483971,135.5805056,,,,,,,,モーリーファンタジー,,,,,,,,,,,,,,,,,,,attraction,,,,,,,,,,,,,,,,,,,,,,,,,,,,,,,,,,,,,,,,,,,,,,,,,,,,,,,,,,,,,,,,,,,,,,,,,,,,,,,,,,,,,,,,,,,,,,,,,,,,,,,,,,,,,,,,,,,,,,,,,,,,,,,,,,,,,,,,
5948027295,node,Osaka,34.7536662,135.5780935,,,,,,,,九條殿御別殿御役所 顕如上人御旧跡,,,,,,,,,,,,,,,,,,,viewpoint,,,,,,,,,,,,,,,,,,,,,,,,,,,,,,,,,,,,,,,,,,,,,,,,,,,,,,,,,,,,,,,,,,,,,,,,,,,,,,,,,,,,,,,,,,,,,,,,,,,,,,,,,,,,,,,,,,,,,,,,,,,,,,,,,,,,,,,,
6048284007,node,Osaka,34.7371241,135.5829762,,,,,,,,パチンコ&スロット 大阪ホール 門真店,,,,,,,,,,,,,,,,,,,attraction,,,,,,,,,,,,,,,,,,,,,,,,,,,,,,,,,,,,,,,,,,,,,,,,,,,,,,,,,,,,,,,,,,,,,,,,,,,,,,,,,,,,,,,,,,,,,,,,,,,,,,,,,,,,,,,,,,,,,,,,,,,,,,,,,,,,,,,,
6048284107,node,Osaka,34.7374402,135.5879860,,,,,,,,門真市立歴史資料館,,,,,,,,,,,,,,,,,,,museum,,,,,,,,,,,,,,,,,,,,,,,,,,,,,,,,,,,,,,,,,,,,,,,,,,,,,,,,,,,,,,,,,,,,,,,,,,,,,,,,,,,,,,,,,,,,,,,,,,,,,,,,,,,,,,,,,,,,,,,,,,,,,,,,,,,,,,,,
6048284398,node,Osaka,34.7376280,135.5909628,,,,,,,,パチンコ&スロット 大映会館,,,,,,,,,,,,,,,,,,,attraction,,,,,,,,,,,,,,,,,,,,,,,,,,,,,,,,,,,,,,,,,,,,,,,,,,,,,,,,,,,,,,,,,,,,,,,,,,,,,,,,,,,,,,,,,,,,,,,,,,,,,,,,,,,,,,,,,,,,,,,,,,,,,,,,,,,,,,,,
6091175663,node,Osaka,34.7202830,135.4083859,,,,,,,,,,,,,,,,,,,,,,,,,,,attraction,,,,,,,local knowledge,,,,,,野球選手の手形,,,,,,,,,,,,,,,,,,,,,,,,,,,,,,,,,,,,,,,,,,,,,,,,,,,,,,,,,,,,,,,,,,,,,,,,,,,,,,,,,,,,,,,,,,,,,,,,,,,,,,,,,,,,,,,,,,,,,,,,,,,
6095248613,node,Osaka,34.6077767,135.5893270,,,,,,,,柏原船使い場,,,,,,,,,,,,,,,,,,,viewpoint,,,,,,,,,,,,,,,,,,,,,,,,,,,,,,,,,,,,,,,,,,,,,,,,,,,,,,,,,,,,,,,,,,,,,,,,,,,,,,,,,,,,,,,,,,,,,,,,,,,,,,,,,,,,,,,,,,,,,,,,,,,,,,,,,,,,,,,,
6101478611,node,Osaka,34.6014615,135.5700698,,,,,,,,真田幸村 休憩所跡,,,,,,,,,,,,,,,,,,,viewpoint,,,,,,,,,,,,,,,,,,,,,,,,,,,,,,,,,,,,,,,,,,,,,,,,,,,,,,,,,,,,,,,,,,,,,,,,,,,,,,,,,,,,,,,,,,,,,,,,,,,,,,,,,,,,,,,,,,,,,,,,,,,,,,,,,,,,,,,,
6224428532,node,Osaka,34.7186485,135.4485085,,,,,,memorial,,佃漁民ゆかりの地,,,,,,,,,,,,,,,,,,,viewpoint,http://www.city.osaka.lg.jp/nishiyodogawa/page/0000001002.html#5,,,,,,,,,,,,佃は、東京佃島の本家にあたり、東京佃島の住吉神社は、当区の田蓑神社の分社でもある,,,,,,,,,,,,,,,,,,,,,,,,,,,,,,,,,,,,,,,,,,,,,,,,,stone,,,,佃漁民ゆかりの地,,,,,,,,,,,,,,,,,,,,,,,,,,,,,,,,,,,,,,,,,,,,,,,,,,,,,,,,,,,,,,,,,,,,,,
6249557546,node,Osaka,34.7070332,135.5049272,,,,,,,,SUNABA GALLERY,,,,,,,,,,,,,,,,,,,gallery,,,,,,,,,,,,,,,,,,,,,,,,,2,,,,,,,,,,,,,,,,,,,,,,,,,,,,,,,,,,,,,,,,art,,,,,,,,,,,,,,,,,,,,,,,,,,,,,,,,,,,,,,,,,,,,,,,,,,,,,,,,,,,,,,,,,,,,,,,
6255536098,node,Osaka,34.6633404,135.4326484,,,,,,,,ミニオン・ハチャメチャ・アイス,,,,,,,,,,,,,,,,,,,attraction,,,Q97342259,ja:ミニオン・ハチャメチャ・アイス,,,,,,,,,,,,,,,,,,,,,,,,,,,,,,,,,,,,,,,,,,,,,,,,,,,,,,,,,,,,,,,,,,,,,,,,,,,,,,,,,,,,,,,,,,,,,,,,,,,,,,,,,,,,,,,,,,,,,,,,,,,,,,,,,,,,
6267394163,node,Osaka,34.6769459,135.5032045,,,,,,,,solaris,,,,,,,,,,,,,,,,,,,gallery,,,,,,,,,,,,,,,,,,,,,,,,,-1,,,,,,,,,,,,,,,,,,,,,,,,,,,,,,,,,,,,,,,,art,,,,,,,,,,,,,,,,,,,,,,,,,,,,,,,,,,,,,,,,,,,,,,,,,,,,,,,,,,,,,,,,,,,,,,,
6298257511,node,Osaka,34.6860283,135.5158721,,,,,,,,CENTENNIAL,,,,,,,,,,,,,,,,,,,gallery,,,,,,,,,,,,,,,,,,,,,,,,,,,,,,,,,,,,,,,,,,,,,,,,,,,,,,,,,,,,,,,,,art,,,,,,,,,,,,,,,,,,,,,,,,,,,,,,,,,,,,,,,,,,,,,,,,,,,,,,,,,,,,,,,,,,,,,,,
6298257512,node,Osaka,34.6860585,135.5159178,,,,,,,,The 14th. MOON,,,,,,,,,,,,,,,,,,,gallery,,,,,,,,,,,,,,,,,,,,,,,,,,,,,,,,,,,,,,,,,,,,,,,,,,,,,,,,,,,,,,,,,art,,,,,,,,,,,,,,,,,,,,,,,,,,,,,,,,,,,,,,,,,,,,,,,,,,,,,,,,,,,,,,,,,,,,,,,
6328603336,node,Osaka,34.6611707,135.5330374,,,,,,,,KONOHANA,,,,,,,,,,,,,,,,,,,gallery,,,,,,,survey 2019-03-10,,,,,,,,,,,,,,,,,,,,,,,,,,,,,,,,,,,,,,,,,,,,,,,,,,,,,,,,,,,,,,,,,,,,,,,,,,,,,,,,,,,,,,,,,,,,,,,,,,,,,,,,,,,,,,,,,,,,,,,,,,,,,,,,,
6334869186,node,Osaka,34.6922436,135.5041317,,,,,,,,,,Gallery Kaze,,,,,,,,,,,,,,,,,museum,,,,,,,,,,,,,,,,,,,,,,,,,,,,,,,,,,,,,,,,,,,,,,,,,,,,,,,,,,,,,,,,,,,,,,,,,,,,,,,,,,,,,,,,,,,,,,,,,,,,,,,,,,,,,,,,,,,,,,,,,,,,,,,,,,,,,,,,
6351754136,node,Osaka,34.6969877,135.5052031,,,,,,,,igu_m_art,,,,,,,,,,,,,,,,12:00-19:00,,,gallery,,,,,,,,,,,,,,,,,,,,,,,,,,,,,,,,,,,,,,,,,,,,,,,,,,,,,,,,,,,,,,,,,art,,,,,,,,,,,,,,,,,,,,,,,,,,,,,,,,,,,,,,,,,,,,,,,,,,,,,,,,,,,,,,,,,,,,,,,
6364185496,node,Osaka,34.6327024,135.5007281,,,,,,,,聖天坂,,,,,,,,,,,,,,,,,,,viewpoint,,,,,,,,,,,,,,,,,,,,,,,,,,,,,,,,,,,,,,,,,,,,,,,,,,,,,,,,,,,,,,,,,,,,,,,,,,,,,,,,,,,,,,,,,,,,,,,,,,,,,,,,,,,,,,,,,,,,,,,,,,,,,,,,,,,,,,,,
6364194186,node,Osaka,34.6360829,135.5032825,,,,,,,,聖天山古墳,,,,,,,,,,,,,,,,,,,viewpoint,,,,,,,,,,,,,,,,,,,,,,,,,,,,,,,,,,,,,,,,,,,,,,,,,,,,,,,,,,,,,,,,,,,,,,,,,,,,,,,,,,,,,,,,,,,,,,,,,,,,,,,,,,,,,,,,,,,,,,,,,,,,,,,,,,,,,,,,
6387151359,node,Osaka,34.7929708,135.5082893,,,,,,,,千里ニュータウン情報館,,,,,,,,,,,,,,,,,,,museum,,,,,,,,,,,,,,,,吹田市,,,,1,２,,,,0;1,,,,,,,,,,,,,,,,,,,,,,,,,,,,,,,,,,,,,,,,,,2023-11-23,no,yes,yes,,,,,,,,,,,,,,,,,,,,,,,,,,,,,,,,,,,,,,,,,,,,,,,,,,,,,,,,,,,,,,,,,,
6398052885,node,Osaka,34.6096369,135.5587250,,,,,,,,GEO 喜連東店,,,,,,,,,,,,,,,,,,,attraction,,,,,,,,,,,,,,,,,,,,,,,,,,,,,,,,,,,,,,,,,,,,,,,,,,,,,,,,,,,,,,,,,,,,,,,,,,,,,,,,,,,,,,,,,,,,,,,,,,,,,,,,,,,,,,,,,,,,,,,,,,,,,,,,,,,,,,,,
6512968762,node,Osaka,34.7731486,135.4630406,,,,,,,,原田しろあと館,,,,,,,,,,,,,,,,,,,museum,,,,,,,,,,,,,,,,,,,,,,,,,,,,,,,,,,,,,,,,,,,,,,,,,,,,,,,,,,,,,,,,,,,,,,,,,,,,,,,,,,,,,,,,,,,,,,,,,,,,,,,,,,,,,,,,,,,,,,,,,,,,,,,,,,,,,,,,
6515880186,node,Osaka,34.6658683,135.4066414,,,,,,,,,,,,,,,,,,,,,,,,,,,attraction,,,,,,,,,,,,,,,,,,,,,,,,,,,,,,,,,,,,,,,,,,,,,,,,,,,,,,,,,,,,,,,,,,,,,,,,,,,,,,,,,,,,,,,,,,,,,,,,,,,,,,,,,,,,,,,,,,,,,,,,,,,,,,,,,,,,,,,,
6516105286,node,Osaka,34.7034681,135.4964427,,,,,,,,天空の農園,,Tenku-no-noen Farm,,,,,,,,,,,,,,,,,viewpoint,,,,,,,,,,,,,,,,,,,,,,,,,13,,,,,,,,,,,,,,,,,,,,,,,,,,,,,,,,,,,,,,,,,,,,,,,,,,,,,,,,,,,,,,,,,,,,,,,,,,,,,,,,,,,,,,,,,,,,,,,,,,,,,,,,,,,,,,,
6549263033,node,Osaka,34.6883784,135.5032706,,,,,,,,田辺三菱製薬史料館,,,,,,,,,,,,,,,,,,,museum,,,,,,,,,,,,,,,,,,,,,,,,,,,,,,,,,,,,,,,,,,,,,,,,,,,,,,,,,,,,,,,,,,,,,,,,,,,,,,,,,,,,,,,,,,,,,,,,,,,,,,,,,,,,,,,,,,,,,,,,,,,,,,,,,,,,,,,,
6549326466,node,Osaka,34.6886356,135.5059954,,,,,,,,くすりの道修町資料館,,,,,,,,,,,,,,,,,,,museum,,,Q17214457,ja:くすりの道修町資料館,,,,,,,,,,,,,,,,,,,,,,,,,,,,,,,,,,,,,,,,,,,,,,,,,,,,,,,,,,,,,,,,,,,,,,,,,,,,,,,,,,,,,,,,,,,,,,,,,,,,,,,,,,,,,,,,,,,,,,,,,,,,,,,,,,,,
6549393739,node,Osaka,34.6883930,135.5047790,,,,,,,,武田科学振興財団杏雨書屋,,,,,,,,,,,,,,,,,,,museum,,,,,,,,,,,,,,,,,,,,,,,,,,,,,,,,,,,,,,,,,,,,,,,,,,,,,,,,,,,,,,,,,,,,,,,,,,,,,,,,,,,,,,,,,,,,,,,,,,,,,,,,,,,,,,,,,,,,,,,,,,,,,,,,,,,,,,,,
6818876220,node,Osaka,34.7365978,135.4004187,,,,,,,,スペース○○,,space marumaru,,,,,,,,,,,,,,,,,gallery,,limited,,,,,local knowledge,,,,,,,,,,,,,,,,,,0,,,,,,,,,,,,,,,,,,,,,,,,,,,,,,,,,,,,,,https://www.facebook.com/profile.php?id=100057356203468,area,,,,,,,,,,,,,,,,,,,,,,,,,,,,,,,,,,,,,,,,,,,,,,,,,,,,,,,,,,,,,,,,,,,,,,,,
6918408431,node,Osaka,34.6688181,135.4944163,,,,,,,,オソブランコ,,,,,,,,,,,,,,,,,,,gallery,,,,,,,,,,,,,,,,,,,,,,,,,1,,,,,,,,,,,,,,,,,,,,,,,,,,,,,,,,,,,,,,,,,,,,,,,,,,,,,,,,,,,,,,,,,,,,,,,,,,,,,,,,,,,,,,,,,,,,,,,,,,,,,,,,,,,,,,,
7045931690,node,Osaka,34.6658658,135.5000950,,,,,,,,旧新歌舞伎座,,Shin Kabukiza site,,,,,,,,,,,,,,,,,attraction,,,,,,,,,,,,,,,,,,,,,,,,,,,,,,,,,,,,,,,,,,,,,,,,,,,,,,,,,,,,,,,,,,,,,,,,,,,,,,,,,,,,,,,,,,,,,,,,,,,,,,,,,,,,,,,,,,,,,,,,,,,,,,,,,,,,,,,,
7151168589,node,Osaka,34.6503662,135.5091745,,,,,,,,夜行性動物舎,,,,,,,,,,,,,,,,,,,attraction,,,,,,,,,,,,,,,,,,,,,,,,,,,,,animal,,,,,,,,,,,,,,,,,,,,,,,,,,,,,,,,,,,,,,,,,,,,,,,,,,,,,,,,,,,,,,,,,,,,,,,,,,,,,,,,,,,,,,,,,,,,,,,,,,,,,,,,,,,
7153734918,node,Osaka,34.6511302,135.5091275,,,,,,,,ヤギ,,,,,,,,,,,,,,,,,,,attraction,,,,,,,survey,,,,,,,,,,,,,,,,,,,,,,animal,,,,,,,,,,,,,,,,,,,,,,,,,,,,,,,,,,,,,,,,,,,,,,,,,,,,,,,,,,,,,,,,,,,,,,,,,,,,,,,,,,,,,,,,,,,,,,,,,,,,,,,,,,,
7259838585,node,Osaka,34.7078053,135.5044930,,,,,,,,,,Nakazakicho Street,,,,,,,,,,,,,,,,,attraction,,,,,,,,,,,,,,,,,,,,,,,,,,,,,,,,,,,,,,,,,,,,,,,,,,,,,,,,,,,,,,,,,,,,,,,,,,,,,,,,,,,,,,,,,,,,,,,,,,,,,,,,,,,,,,,,,,,,,,,,,,,,,,,,,,,,,,,,
7331102443,node,Osaka,34.6627304,135.5065257,,,,,,,,高島屋史料館,,,,,,,,,,,,,,,,,,,museum,,,,,,,,,,,,,,,,,,,,,,,,,,,,,,,,,,,,,,,,,,,,,,,,,,,,,,,,,,,,,,,,,,,,,,,,,,,,,,,,,,,,,,,,,,,,,,,,,,,,,,,,,,,,,,,,,,,,,,,,,,,,,,,,,,,,,,,,
7573379495,node,Osaka,34.6829159,135.5009368,,,,,,,,松栄堂,,,,,,,,,,,,,,,,,,,attraction,,,,,,,,,,,,,,,,,,,,,,,,,,,,,,,,,,,,,,,,,,,,,,,,,,,,,,,,,,,,,,,,,,,,,,,,,,,,,,,,,,,,,,,,,,,,,,,,,,,,,,,,,,,,,,,,,,,,,,,,,,,,,,,,,,,,,,,,
7629301812,node,Osaka,34.6605981,135.5370490,,,,,,,,大阪コリアタウン,,Osaka Korea Town,,,,,,,오사카 코리아타운,,,,,,,,,,attraction,http://ikuno-koreatown.com,,Q11261321,en:Ikuno Korea Town,,,,,File:Osaka Ikuno Korea Town 001.jpg,,,,,,,大阪市生野区,,,,,,,,生野区,,,,,,,,,,,,,,,,,,,,桃谷,,,,,,,,,,,,,,,,,,,,,,,,,,,Ikaino Korea Town;Tsuruhashi Korea Town;Osaka Korea Town,大阪生野コリアタウン,Osaka Ikuno Korea Town,,,,,,,,,,,,,,,,,,,,,,,,,,,,,,,,,,,,,,,,,,,,,,,,,,,,,,,,,,,,,,,
8104113579,node,Osaka,34.7121446,135.4928458,,,,,,,,空白,,,,,,,,,,,,,,,,,,,gallery,,,,,,,,,,,,,,,,,,,,,,,,,,,,,,,,,,,,,,,,,,,,,,,,,,,,,,,,,,,,,,,,,,,,,,,,,,,,,,,,,,,,,,,,,,,,,,,,,,,,,,,,,,,,,,,,,,,,,,,,,,,,,,,,,,,,,,,,
8250113339,node,Osaka,34.6737875,135.4637888,,,,,,,,大阪人権博物館,,Osaka Human Rights Museum,,,,,,,오사카인권박물관,,,,,,,Mo-Fr 10:00-16:00,,,museum,https://www.liberty.or.jp/,,Q6541903,ja:大阪人権博物館,,,,,Category:Osaka Human Rights Museum,,,,,リバティおおさか,大阪人権博物館,,,,,,,,,,,,,,,,,,,,,,,,,,,,,,,,,,,,,,,,,,,,,,,,,,,,,,,,Liberty Osaka,リバティおおさか,,리버티 오사카,,,,,,,,,,,,,,,,,,,,,,,,,,,,,,,,,,,,,,,,,,,,,,,,,,,,,,,,,,,,,,
8479087693,node,Osaka,34.6092026,135.5491851,,,,,,,,流町1,,Nagaremachi-1,,,,,,,,,,,,,,,,,viewpoint,,,,,,,survey; Bing,,,,,,,瓜破;曲がり角,,,,,,,,,,,,,,,,,,,,,,,,,,,,,,,,,,,,,,,,,,,,,,,,,,,,,,,,,Uriwari,,,,traffic_signals,,,,,,,,,,,,,,,,,,,,,,,,,,,,,,,,,,,,,,,,,,,,,,,,,,,,,,,,,,,,,
8488845995,node,Osaka,34.6691666,135.4065397,,,,,,,,,,,,,,,,,,,,,,,,,,,attraction,,,,,,,,,,,,,,,,,,,,,,,,,,,,,,,,,,,,,,,,,,,,,,,,,,,,,,,,,,,,,,,,,,,,,,,,,,,,,,,,,,,,,,,,,,,,,,,,,,,,,,,,,,,,,,,,,,,,,,,,,,,,,,,,,,,,,,,,
8543389287,node,Osaka,34.6679445,135.4298012,,,,,,,,とりかえせゴールデンキノコ！クッパJr. ファイナルバトル,,Bowser Jr. Shadow Showdown,,,,,,,,,,,,,,,,,attraction,,,,,,,,,,,,,,,,,,,,,,,,,,,,,,,,,,,,,,,,,,,,,,,,,,,,,,,,,,,,,,,,,,,,,,,,,,,,,,,,,,,,,,,,,,,,,,,,,,,,,,,,,,,,,,,,,,,,,,,,,,,,,,,,,,,,,,,,
8543389288,node,Osaka,34.6680515,135.4298696,,,,,,,,マリオカート ～クッパの挑戦状～,,Mario Kart: Koopa's Challenge,,,,,,,,,,,,,,,,,attraction,,,Q104125924,ja:マリオカート 〜クッパの挑戦状〜,,,,,Category:Mario Kart: Koopa's Challenge (Universal Studios Japan),,,,,,,,,,,,,,,,,,,,,,,,,,,,,,,,,,,,,,,,,,,,,,,,,,,,,,,,,,,,,,,,,,,,,,,,,,,,,,,,,,,,,,,,,,,,,,,,,,,,,,,,,,,,,,,,,,,,,,,,,,,,,,,
8543389289,node,Osaka,34.6679974,135.4302572,,,,,,,,ヨッシー・アドベンチャー,,Yoshi's Adventure,,,,,,,,,,,,,,,,,attraction,,,,,,,,,,,,,,,,,,,,,,,,,,,,,,,,,,,,,,,,,,,,,,,,,,,,,,,,,,,,,,,,,,,,,,,,,,,,,,,,,,,,,,,,,,,,,,,,,,,,,,,,,,,,,,,,,,,,,,,,,,,,,,,,,,,,,,,,
8588767303,node,Osaka,34.7100466,135.4958948,,,,,,,,gallery B.B,,,,,,,,,,,,,,,,,,,gallery,,,,,,,,,,,,,,,,,,,,,,,,,,,,,,,,,,,,,,,,,,,,,,,,,,,,,,,,,,,,,,,,,art,,,,,,,,,,,,,,,,,,,,,,,,,,,,,,,,,,,,,,,,,,,,,,,,,,,,,,,,,,,,,,,,,,,,,,,
8771189944,node,Osaka,34.6092976,135.5491824,,,,,,,,流町1,,Nagaremachi-1,,,,,,,,,,,,,,,,,viewpoint,,,,,,,survey; Bing,,,,,,,瓜破;曲がり角,,,,,,,,,,,,,,,,,,,,,,,,,,,,,,,,,,,,,,,,,,,,,,,,,,,,,,,,,Uriwari,,,,traffic_signals,,,,,,,,,,,,,,,,,,,,,,,,,,,,,,,,,,,,,,,,,,,,,,,,,,,,,,,,,,,,,
8912760417,node,Osaka,34.6945261,135.5455626,,,,,,,,鴫野西之町地車庫,,,,,,,,,,,,,,,,,,,viewpoint,,,,,,,,,,,,,,,,,,,,,,,,,,,,,,,,,,,,,,,,,,,,,,,,,,,,,,,,,,,,,,,,,,,,,,,,,,,,,,,,,,,,,,,,,,,,,,,,,,,,,,,,,,,,,,,,,,,,,,,,,,,,,,,,,,,,,,,,
9142429539,node,Osaka,34.7378294,135.4207688,,,,,,,,尾浜履物博物館,,,,,,,,,,,,,,,,,,,museum,,limited,,,,,local knowledge,,,,,,,,,,,,,,,,,,0,,,,,,,,,,,,,,,,,,,,,,,,,,,,,,,,,,,,,,,,,,,,,,,,,,,,,,,,,,,,,,,,,,,,,,,,,,,,,,,,,,,,,,,,,,,,,,,,,,,,,,,,,,,,,,,
9314748617,node,Osaka,34.7411267,135.5462963,,,,,,,,かにや　ゆる里,,,,,,,,,,,,,,,,,,,attraction,,,,,,,,,,,,,,,,,,,,,,,,,,,,,,,,,,,,,,,,,,,,,,,,,,,,,,,,,,,,,,,,,,,,,,,,,,,,,,,,,,,,,,,,,,,,,,,,,,,,,,,,,,,,,,,,,,,,,,,,,,,,,,,,,,,,,,,,
9342756038,node,Osaka,34.6858218,135.5067276,,,,,,,,フジカワ画廊,,,,,,,,,,,,,,,,,,,gallery,https://www.fujikawa-galleries.com/home.html,,,,,,,,,,,,,,,,,,,,,,,,2,,,,,,,,,,,,,,,,,,,,,,,,,,,,,,,,,,,,,,,,,,,,,,,,,,,,,,,,,,,,,,,,,,,,,,,,,,,,,,,,,,,,,,,,,,,,,,,,,,,,,,,,,,,,,,,
9342756041,node,Osaka,34.6840413,135.5042338,,,,,,,,富士フイルムフォトサロン大阪,,,,,,,,,,,,,,,,,,,gallery,,,,,,,,,,,,,,,富士フイルム,,,,,,,,,,,,,,,,,,,,,,,,,,,,,,,,,,,,,,,,,,,,,,,,,,,,,,,,,,,,,,,,,,,,,,,,,,,,,,,,,,,,,,,,,,,,,,,,,,,,,,,,,,,,,,,,,,,,,,,,,
9473994121,node,Osaka,34.7211475,135.5170669,,,,,,,,毛馬閘門,,,,,,,,,,,,,,,,,,,attraction,,,,,毛馬こうもん,,,,,,,,,,,,,,,,,,,,,,,,,,,,,,,,,,,,,,,,,,,,,,,,,,,,,,,,,,,,,,,,,,,,,,,,,,,,,,,,,,,,,,,,,,,,,,,,,,,,,,,,,,,,,,,,,,,,,,,,,,,,,,,,,,,
9704704688,node,Osaka,34.7265771,135.4930465,,,,,,,,海月文庫アートスペース,,,,,,,,,,,,,,,,,,,gallery,https://www.kuragebunko.com/,,,,,,,,,,,,,,,大阪市,,,,3-3-12,,,大阪府,淀川区,,,,,,,,,,,,,,,,,,,,木川東,,,,,,,,,,,,,,kuragebunko,,,,,,,,,,,,,,,,,,,,,,,,,,,,,,,,,,,,,,,,,,,,,,,,,,,,,,,,,,,,,,,,,,,,,,,,,,,,,,
9726821017,node,Osaka,34.7397286,135.5763120,,,,,,,,,,,,,,,,,,,,,,,,,,,attraction,,,,,,,,,,,,,,,,,,,,,,,,,,,,,,,,,,,,,,,,,,,,,,,,,,,,,,,,,,,,,,,,,,,,,,,,,,,,,,,,,,,,,,,,,,,,,,,,,,,,,,,,,,,,,,,,,,,,,,,,,,,,,,,,,,,,,,,,
9792348498,node,Osaka,34.7155393,135.4811349,,,,,,,,ブルームギャラリー,,,,,,,,,,,,,,,,,,,gallery,https://linktr.ee/bloom_gallery,,,,,,,,,,,,,,,大阪市,532-0025,,,11-23 ハイム北野,B103,1,大阪府,淀川区,,,,,,,,,,,,,,,,,,,,新北野,,,,,,,,,,,,,,bloom_gallery,bloomgallery,,,,bloomgallery,,,,,,,,,,,,,,,,,,,,,,,,,,,,,,,,,,,,,,,,,,,,,,,,,,,,,,,,,,,,,,,,,,,,,,,,,
9836021665,node,Osaka,34.7049058,135.4986984,,,,,,,,阪急BIGMAN,,,,,,,,,,,,,,,,,,,attraction,,,,,,,,,,,,,,,,,,,,,,,,,0,,,,,,,,,,,,,,,,,,,,,,,,,,,,,,,,,,,,,,,,,,,,,,,,,,,,,,,,,,,,,,,,,,,,,,,,,,,,,,,,,,,,,,,,,,,,,,,,,,,,,,,,,,,,,,,
10123924015,node,Osaka,34.6801037,135.5144665,,,,,,ditch,,太閤下水見学施設,,,,,,,,,,,,,,,,,,,attraction,,,,,,,,,,,,,,,,,,,,,,,,,,,,,,,,,,,,,,,,,,,,,,,,,,,,,,,,,,,,,,,,,,,,,,,,,,,,,,,,,,,,,,,,,,,,,,,,,,,,,,,,,,,,,,,,,,,,,,,,,,,,,,,,,,,,,,,,
10125522840,node,Osaka,34.7378831,135.5843232,,,,,,,,海洋堂ホビーランド,,,,,,,,,,,,,,,,,,,museum,,,,,,,,,,,,,,,,,,,,,,,,,,,,,,,,,,,,,,,,,,,,,,,,,,,,,,,,,,,,,,,,,,,,,,,,,,,,,,,,,,,,,,,,,,,,,,,,,,,,,,,,,,,,,,,,,,,,,,,,,,,,,,,,,,,,,,,,
10274794150,node,Osaka,34.7252247,135.5539619,,,,,,,,千林の長屋(大阪市指定景観資源),,,,,,,,,,,,,,,,,,,attraction,,,,,,,,,,,,,,,,大阪市,535-0012,,,14,12,2丁目,大阪府,旭区,,,,,,,,,,,,,,,,,,,,千林,,,,,,,,,,,,,,,,,,,,,,,,,,,,,,,,,,,,,,,,,,,,,,,,,,,,,,,,,,,,,,,,,,,,,,,,,,,,,,,,,,,,,,,,,,,,
10613213298,node,Osaka,34.6710329,135.5016965,,,,,,,,大阪浮世絵美術館,,Osaka Ukiyoe Museum,,,,,,,,,,,,,,Mo-Su 10:00-17:00,,,gallery,,,,,,,,,,,,,,,,,,,,,,,,,2,,,,,,,,,,,,,,,,,,,,,,,,,,,,,,,,,,,,,,,,,,,,,,,,,,,,,,,,,,,,,,,,,,,,,,,,,,,,,,,,,,,,,,,,,,,,,,,,,,,,,,,,,,,,,,,
10839062005,node,Osaka,34.7044328,135.4905545,,,,,,,,,,Viewpoint of Sky Tower,,,,,,,,,,,,,,,,,viewpoint,,,,,,,,,,,,,,,,,,,,,,,,,,,,,,,,,,,,,,,,,,,,,,,,,,,,,,,,,,,,,,,,,,,,,,,,,,,,,,,,,,,,,,,,,,,,,,,,,,,,,,,,,,,,,,,,,,,,,,,,,,,,,,,,,,,,,,,,
10846261105,node,Osaka,34.6719424,135.4981520,,,,,,,,,,Amerikamura,,,,,,,,,,,,,,,,,attraction,,,,,,,,,,,,,,,,,,,,,,,,,,,,,,,,,,,,,,,,,,,,,,,,,,,,,,,,,,,,,,,,,,,,,,,,,,,,,,,,,,,,,,,,,,,,,,,,,,,,,,,,,,,,,,,,,,,,,,,,,,,,,,,,,,,,,,,,
10857445433,node,Osaka,34.6611047,135.5070825,,,,,,,,Akiba Kart Osaka,,,,,,,,,,,,,,,,,,,attraction,https://osakakart.com/en/,,,,,,,,,,,,,,,,,,,,,,,,,,,,,,,,,,,,,,,,,,,,,,,,,,,,,,,,,,,,,,,,,,,,,,,,,,,karting,,,,,,,,,,,,,,,,,,,,,,,,,,,,,,,,,,,,,,,,,,,,,,,,,,,,,,,,,,,,
11113128920,node,Osaka,34.7569023,135.5276227,,,,,,,,吹田発展伝承室,,,,,,,,,,,,,,,,,,,museum,,,,,,,,,,,,,,,,,,,,,,,,,,,,,,,,,,,,,,,,,,,,,,,,,,,,,,,,,,,,,,,,,,,,,,,,,,,,,,,,,,,,,,,,,,,,,,,,,,,,,,,,,,,,,,,,,,,,,,,,,,,,,,,,,,,,,,,,
11169001674,node,Osaka,34.7105394,135.5115093,,,,,,,,住まいのミュージアム,,Osaka Museum of Housing and Living,,,,,,,,,,,,,,Mo-Su 10:00-17:00,,,museum,https://www.osaka-angenet.jp/konjyakukan/,,,,,,,,,,,,,,,,,,,,,,,,,,,,,,,,,,,,,,,,,,,,,,,,,,,,,,,,,,,,,,,,,,,,,,,,,,,,,,,,,,,,,,,,,,,,,,,,,,,,,,,,,,,,,,,,,,,,,,,,,,,,,,,,,,,,,,,
11223679537,node,Osaka,34.6653030,135.5126698,,,,,,,,,,Ikutama shrine,,,,,,,,,,,,,,,,,attraction,,,,,,,,,,,,,,,,,,,,,,,,,,,,,,,,,,,,,,,,,,,,,,,,,,,,,,,,,,,,,,,,,,,,,,,,,,,,,,,,,,,,,,,,,,,,,,,,,,,,,,,,,,,,,,,,,,,,,,,,,,,,,,,,,,,,,,,,
11434459166,node,Osaka,34.6611269,135.5377022,,,,,yes,,,大阪コリアタウン歴史資料館,,Osaka Korea Town Museum,,,,大阪コリアタウン歴史資料館,,,오사카코리아타운 역사자료관,,,,,,,,,,museum,https://oktmuseum.or.jp/,,,,,,,,,,,,,,,,,,,,,,,,,,,,,,,,,,,,,,,,,,,,,,,,,,,,,,,,,,,,,,,,,,,,,,,,,,,,history,,,,,,,,,,,,,,,,,,,,,,,,,,,,,,,,,,,,,,,,,,,,,,,,,,,,,,,,,,,
11445885085,node,Osaka,34.6672416,135.4314937,,,,,,,,,,Ford Anglia,,,,,,,,,,,,,,,,,attraction,,,,,,,,,,,,,,,,,,,,,,,,,,,,,,,,,,,,,,,,,,,,,,,,,,,,,,,,,,,,,,,,,,,,,,,,,,,,,,,,,,,,,,,,,,,,,,,,,,,,,,,,,,,,,,,,,,,,,,,,,,,,,,,,,,,,,,,,
12246045333,node,Osaka,34.7972734,135.4296736,,,,,,,,,,,,,,,,,,,,,,,,,,,viewpoint,,,,,,,survey,,,,,,,,,,,,,,,,,,,,,,,,,,,,,,,,,,,,,,,,,,,,,,,,,,,,,,,,,,,,,,,,,,,,,,,,,,,,,,,,,,,,,,,,,,,,,,,,,,,,,,,,,,,,,,,,,,,,,,,,,,,,,,,,,
12270061636,node,Osaka,34.6990843,135.5209862,,,,,,,,アートコートギャラリー,,,,,,,,,,,,,,,,Tu-Fr 11:00-18:00; Sa 11:00-17:00,+81 6 6354 5444,,gallery,https://www.artcourtgallery.com/,,,,,,,,,,,,,,株式会社 八木アートマネジメント,大阪市,530-0042,,,8-5,,天満橋1丁目,大阪府,北区,,,,,,,,,,,,,,,,,,,,,,,,,,,,,,,,,,,,,,,,,,,,,,,,,,,,,,OAPアートコート,1,,,,,,,,,,,,,,,,,,,,,,,,,,,,,,,,,,,,,,,,,,,,,,,,,,,,,,,,,
12366983201,node,Osaka,34.6606235,135.5018839,,,,,,,,Namba Parks Light Waterfall,,,,,,,,,,,,,,,,,,,attraction,,,,,,,,,,,,,,,,,,,,,,,,,,,,,,,,,,,,,,,,,,,,,,,,,,,,,,,,,,,,,,,,,,,,,,,,,,,,,,,,,,,,,,,,,,,,,,,,,,,,,,,,,,,,,,,,,,,,,,,,,,,,,,,,,,,,,,,,
12367047748,node,Osaka,34.7223032,135.4835716,,,,,,,,ギャラリー GODA,,,,,,,,,,,,,,,,,,,gallery,,,,,,,,,,,,,,,,,,,,,,,,,,,,,,,,,,,,,,,,,,,,,,,,,,,,,,,,,,,,,,,,,,,2025-06-15,,,,,,,,,,,,,,,,,,,,,,,,,,,,,,,,,,,,,,,,,,,,,,,,,,,,,,,,,,,,,,,,,,,,,
12417642864,node,Osaka,34.6687448,135.4306421,,,,,,,,ドンキーコング・カントリー,,Donkey Kong Country,,,,ドンキーコング・カントリー,,,,,,,,,,,,,attraction,,,,,,,,,,,,,,,,,,,,,,,,,,,,,,,,,,,,,,,,,,,,,,,,,,,,,,,,,,,,,,,,,,,,,,,,,,,,,,,,,,,,,,,,,,,,,,,,,,,,,,,,,,,,,,,,,,,,,,,,,,,,,,,,,,,,,,,,
12744560601,node,Osaka,34.6629017,135.5819882,,,,,,,,,,Kosaka Castle,,,,,,,,,,,,,,,,,attraction,,,,,,,,,,,,,,,,,,,,,,,,,,,,,,,,,,,,,,,,,,,,,,,,,,,,,,,,,,,,,,,,,,,,,,,,,,,,,,,,,,,,,,,,,,,,,,,,,,,,,,,,,,,,,,,,,,,,,,,,,,,,,,,,,,,,,,,,
12781301802,node,Osaka,34.6511463,135.5116039,,,,,,,,ワケ橋,,Wake Bridge,,,,,,,,,,,,,,,,,attraction,,,,,,,,,,,,,,,,,,,,,,,,,,,,,,,,,,,,,,,,,,,,,,,,,,,,,,,,,,,,,,,,,,,,,,,,,,,,,,,,,,,,,,,,,,,,,,,,,,,,,,,,,,,,,,,,,,,,,,,,,,,,,,,,,,,,,,,,
12782416201,node,Osaka,34.7052685,135.4896361,,,,,,,,絹谷幸二 天空美術館,,Koji Kinutani Tenku Art Museum,,,,,,,,,,,,,,,,,museum,https://www.kinutani-tenku.jp/,,,,,,,,,,,,,,,,531-0076,,,,"TOWER WEST, 27階",,,,,,,,,,,,,,,,,,,,,,,,,,,,,,,,,,,,,,,,,,,,,,,,,,,,,,,,,,,,,,,,,,,,,,,,,,,,,,,,,,,,,,,,,,,,,,,,,,,,,,,,,,,,,,,,,,,
12785104001,node,Osaka,34.6134272,135.5248659,,,,,,,,グラウンディングツリー,,Grounding Tree,,,,,,,,,,,,,,,,,viewpoint,,,,,,,,,,,,,,,,,,,,,,,,,,,,,,,,,,,,,,,,,,,,,,,,,,,,,,,,,,,,,,,,,,,,,,,,,,,,,,,,,,,,,,,,,,,,,,,,,,,,,,,,,,,,,,,,,,,,,,,,,,,,,,,,,,,,,,,,
12803953854,node,Osaka,34.7494006,135.4237262,,,,,,,,みどりのみゅーじあむ,,,,,,,,,,,,,,,,10:00-16:00,,,museum,,yes,,,,,survey,,,,,,,,,,,,,,,,,,,,,,,,,,,,,,,,,,,,,,,,,,,,,,,,,,,,,,,,,,,,2025-05-02,,,,,,,,,,nature,,,yes,public,yes,yes,,,,,,,,,,,,,,,,,,,,,,,,,,,,,,,,,,,,,,,,,,,,,,,,,,,,,
12861900401,node,Osaka,34.6540308,135.5170593,,,,,,,,,,,,,,,,,,,,,,,,,,,viewpoint,,,,,,,,,,,,,,,,,,,,,,,,,,,,,,,,,,,,,,,,,,,,,,,,,,,,,,,,,,,,,,,,,,,,,,,,,,,,,,,,,,,,,,,,,,,,,,,,,,,,,,,,,,,,,,,,,,,,,,,,,,,,,,,,,,,,,,,,
12864802916,node,Osaka,34.7791404,135.5387419,,,,,,,,指物博物館,,,,,,,,,,,,,,,,,,,museum,,,,,,,,,,,,,,,,,,,,,,,,,,,,,,,,,,,,,,,,,,,,,,,,,,,,,,,,,,,,,,,,,,,2025-05-26,,,,,,,,,,,,,,,,,,,,,,,,,,,,,,,,,,,,,,,,,,,,,,,,,,,,,,,,,,,,,,,,,,,,,
12959343543,node,Osaka,34.6251268,135.5544412,,,,,,,,かたな博物館,,,,,,,,,,,,,,,,,,,museum,,,,,,,,,,,,,,,,,,,,,,,,,,,,,,,,,,,,,,,,,,,,,,,,,,,,,,,,,,,,,,,,,,,,,,,,,,,,,,,,,,,,,,,,,,,,,,,,,,,,,,,,,,,,,,,,,,,,,,,,,,,,,,,,,,,,,,,,
12960353854,node,Osaka,34.6243588,135.5561184,,,,,,,,へっついさん博物館,,,,,,,,,,,,,,,,,,,museum,,,,,,,,,,,,,,,,,,,,,,,,,,,,,,,,,,,,,,,,,,,,,,,,,,,,,,,,,,,,,,,,,,,,,,,,,,,,,,,,,,,,,,,,,,,,,,,,,,,,,,,,,,,,,,,,,,,,,,,,,,,,,,,,,,,,,,,,
12960353855,node,Osaka,34.6243593,135.5561084,,,,,,,,おもろいライター博物館,,,,,,,,,,,,,,,,,,,museum,,,,,,,,,,,,,,,,,,,,,,,,,,,,,,,,,,,,,,,,,,,,,,,,,,,,,,,,,,,,,,,,,,,,,,,,,,,,,,,,,,,,,,,,,,,,,,,,,,,,,,,,,,,,,,,,,,,,,,,,,,,,,,,,,,,,,,,,
12960379667,node,Osaka,34.6231207,135.5582024,,,,,,,,平野郷猫会議事堂（にゃんこどう）,,,,,,,,,,,,,,,,,,,museum,,,,,,,,,,,,,,,,,,,,,,,,,,,,,,,,,,,,,,,,,,,,,,,,,,,,,,,,,,,,,,,,,,,,,,,,,,,,,,,,,,,,,,,,,,,,,,,,,,,,,,,,,,,,,,,,,,,,,,,,,,,,,,,,,,,,,,,,
12960461106,node,Osaka,34.6225305,135.5572384,,,,,,,,綿とくらし博物館,,,,,,,,,,,,,,,,,,,museum,,,,,,,,,,,,,,,,,,,,,,,,,,,,,,,,,,,,,,,,,,,,,,,,,,,,,,,,,,,,,,,,,,,,,,,,,,,,,,,,,,,,,,,,,,,,,,,,,,,,,,,,,,,,,,,,,,,,,,,,,,,,,,,,,,,,,,,,
13026720401,node,Osaka,34.6685224,135.5027565,,,,,,,,,,,,,,,,,,,,,,,,,,,attraction,,,,,,,,,,,,,,,,,,,,,,,,,,,,,,,,,,,,,,,,,,,,,,,,,,,,,,,,,,,,,,,,,,,,,,,,,,,,,,,,,,,,,,,,,,,,,,,,,,,,,,,,,,,,,,,,,,,,,,,,,,,,,,,,,,,,,,,,
13033568688,node,Osaka,34.6826278,135.5200417,,,,,no,,,,,,,,,,,,,,,,,,,,,,museum,,,,,,,,,,,,,,,,,,,,,,,,,1;9,,,,,,,,,,,,,,,,,,,,,,,,,,,,,,,,,,,,,,,,,,,,,,,,,,,,,,,,,,,BK Plaza,,,,,,,,,,,,,,,,,,,,,,,,,,,,,,,,,,,,,,,,,,,,,,,,,,,,
13073042901,node,Osaka,34.6710325,135.4942631,,,,,,,,,,Tezukayama Gallery,,,,,,,,,,,,,,,,,gallery,https://www.tezukayama-g.com/,,,,,,,,,,,,,,,,,,,,,,,,,,,,,,,,,,,,,,,,,,,,,,,,,,,,,,,,,,,,,,,,,,,,,,,,,,,,,,,,,,,,,,,,,,,,,,,,,,,,,,,,,,,,,,,,,,,,,,,,,,,,,,,,,,,,,,,
13091383665,node,Osaka,34.6379334,135.4117251,,,,,,,,ふねしる,,,,,,,,,,,,,,,,,,,museum,,,,,,,,,,,,,,,,,,,,,,,,,1,,,,,,,,,,,,,,,,,,,,,,,,,cafe,,,,,,,,,,,,,,,,,2025-08-23,,,,,,,,,,,,2,,,,,,,,,,,,,,,,,,,,,,,,,,,,,,,,,,,,,,,,,,,,,,,,,,,,,,,,,
94199525,way,Osaka,,,,,,,,,,水道記念館,,,,,,,,,,,,,,,,,,,museum,,,Q11549303,ja:水道記念館 (大阪市),"National-Land Numerical Information (Public Facility) 2006, MLIT Japan",国土数値情報（公共施設データ）平成19年　国土交通省,KSJ2,http://nlftp.mlit.go.jp/ksj/jpgis/datalist/KsjTmplt-P02-v2_0.html,Category:Suido Kinenkan (Osaka),,,,,,,,,,,,,,,,,,,,,,,,,,,,,,,,,,,,,,,,,,,,,,,,,,,,,,,,,,,,,,,,,,,,,,,,,,,,yes,,,,,,,,,,,,,,,,,,,,,,,,,,,,,,,,,,,,,,,,,,,,,,,,,,,
137527128,way,Osaka,,,,,,,,,,大阪科学技術館,,Osaka Museum of Science and Technology,,,,,,,,,,,,大阪科学技术馆,,,,,museum,,,Q11441568,ja:大阪科学技術館,,,"Bing,2008-03",,Category:OSTEC Exhibition Hall,,,,,,,,,,,,,,,,,,,,,,,,,,,,,,,,,,,,,,,,,,,,,,,,,,,,,,,,,,,,,,,,,,,,,,,,,,,,yes,,,,,,,,,,,,,,,,,,,,,,,,,,,,,,,,,,,,,,,,,,,,,,,,,,,
162382612,way,Osaka,,,,,,,,,,大阪市立東洋陶磁美術館,,Museum of Oriental Ceramics,,,,,,,,,,,,大阪市立东洋陶瓷美术馆,,,,,museum,https://www.moco.or.jp/,yes,Q11440555,"en:Museum of Oriental Ceramics, Osaka",,,"Bing,2008-3",,"Category:Museum of Oriental Ceramics, Osaka",,,,,,,,,,,,,,,,,,,,,,,,,,,,,,,,,,,,,,,,,,,,,,,,,,,,,,,,,,,,,,,,,,,,,,,,,,,,yes,2,,,,,,,,,,,,,,,,,,,,,,,,,,,,,,,,,,,,,,,,,,,,,,,,,,
173693696,way,Osaka,,,,,,,,,,大阪市立美術館,,Osaka Municipal Museum of Art,,Musée municipal des beaux-arts d'Osaka,,,,,,,,,大阪市立美术馆,,,"Tu-Su 09:30-17:00; 2022 Sep 26-2025 Feb 28 closed ""closed due to renovation""",,1936-05-01,museum,,,Q9004920,ja:大阪市立美術館,,,bing 2010,,Category:Osaka City Museum of Fine Arts,,,,,,大阪市博物館機構,,,,,,,,,,,,,,,,,,,,321315,,,,,,,,,,+81 6-6771-4874,https://www.osaka-art-museum.jp/,おおさか しりつ びじゅつかん,,,,,,,,,Ōsaka shiritsu bijitsukan,,ocmfa_since1936,ocmfa_since1936,,,,,,,,,,,,,,,,,,art,,,,,,,,museum,,伊藤正文,Q30924488,historicism,UCwavvoD1PqL3kshkwNOuIoA,Q85879041,,,,,,,,,,,,,,,,,,,,,,,,,,,,,,,,,,,,,,,,,,,,,
174740756,way,Osaka,,,,,,,,,,大阪松竹座,,Osaka Shochiku‑za,,,,大阪松竹座,,,,,,,,,,,,,attraction,https://www.shochiku.co.jp/play/shochikuza/,,Q11441482,ja:大阪松竹座,,,Bing 2010,,Category:Osaka Shōchikuza,,,,,,,,542-0071,,,,,,,,,,,,,,,,,,,,,,,,,,,,,,,,,theatre,,,,,,,,,,,,,,,,,,,,,,,,,,,,,,,,,,,yes,,,,,,,,,,,,,,,,,,,,,,,,,,,,,,,,,,,,,,,,,,,,,,,,,,,
176321459,way,Osaka,,,,,,,,,,咲くやこの花館,,,,,,,,,,,,,,,,,,,museum,,,Q7403230,ja:咲くやこの花館,,,"Bing,2011-4",,Category:Sakuya Konohana Kan,,,,,,,,,,,,,,,,,,,,,,,,,,,,,,,,,,,,,,,,,,,,,,,,,,,,,,,,,,,,,,,,,,,,,,,,,,,,yes,,,,,,,,,,,,,,,,,,,,,,,,,,,,,,,,,,,,,,,,,,,,,,,,,,,
215383709,way,Osaka,,,,,,,,,,津波・高潮ステーション,,Tsunami / Storm Surge Disaster Prevention Station,,,,津波・高潮ステーション,,,,,,,,,,Tu-Su 10:00-16:00,,,museum,,,,,,,"Bing,2010-08; survey",,,,,,,,大阪府,,,,,,,,,,,,,,,,,,,,,,,,,,,,,,,,,,,,,,,,,,,,,,,,,,,,,,,,,,,,,,,,,,,,,,yes,,,,,,,,,,,,,,,,,,,,,,,,,,,,,,,,,,,,,,,,,,,,,,,,,,,
219782486,way,Osaka,,,,,,,,,,アイファー（爬虫類生態館）,,,,,,,,,,,,,,,,,,,attraction,,,,,,,survey,,,,,,,,,,,,,,,,,,,,,,animal,,,,,,,,,,,,,,,,,,,,,,,,,,,,,,,,,,,,,,,,,,,,,,,,,,,,,,,,yes,,,,,,,,,,,,,,,,,,,,,,,,,,,,,,,,,,,,,,,,,,,,,,,,,,,
219784587,way,Osaka,,,,,,,,,,サル・ヒヒ舎,,Monkeys,,,,,,,,,,,,,,,,,attraction,,,,,,,survey,,,,,,,,,,,,,,,,,,,,,,animal,,,,,,,,,,,,,,,,,,,,,,,,,,,,,,,,,,,,,,,,,,,,,,,,,,,,,,,,yes,,,,,,,,,,,,,,,,,,,,,,,,,,,,,,,,,,,,,,,,,,,,,,,,,,,
219784591,way,Osaka,,,,,,,,,,チンパンジー舎,,Chimpanzees,,,,,,,,,,,,,,,,,attraction,,,,,,,"Bing, 2011-4",,,,,,,,,,,,,,,,,,,,,,animal,,,,,,,,,,,,,,,,,,,,,,,,,,,,,,,,,,,,,,,,,,,,,,,,,,,,,,,,yes,,,,,,,,,,,,,,,,,,,,,,,,,,,,,,,,,,,,,,,,,,,,,,,,,,,
219784603,way,Osaka,,,,,,,,,,アシカ池,,,,,,,,,,,,,,,,,,,attraction,,,,,,,"Bing, 2011-4",,,,,,,,,,,,,,,,,,,,,,animal,,,,,,,,,,,,,,,,,,,,,,,,,,,,,,,,,,,,,,,,,,,,,,,,,,,,,,,,,,,,,,,water,reservoir,,,,,,,,,,,,,,,,,,,,,,,,,,,,,,,,,,,,,,,,,,,
219830343,way,Osaka,,,,,,,,,,鳥の楽園,,Flight Aviary,,,,,,,,,,,,,,,,,attraction,,,,,,,"Bing, 2011-4",,,,,,,,,,,,,,,,,,,,,,animal,,,,,,,,,,,,,,,,,,,,,,,,,,,,,,,,,,,,,,,,,,,,,,,,,,,,,,,,yes,,,,,,,,,,,,,,,,,,,,,,,,,,,,,,,,,,,,,,,,,,,,,,,,,,,
219831216,way,Osaka,,,,,,,,,,コアラ館,,Koala House,,,,,,Koara,,,,,,,,,,,attraction,,,,,,,survey,,,,,,,,,,,,,,,,,,,,,,animal,,,,,,,,,,,,,,,,,,,,,,,,,,,,,,,,,,,,,,,,,,,,,,,,,,,,,,,,yes,,,,,,,,,,,,,,,,,,,,,,,,,,,,,,,,,,,,,,,,,,,,,,,,,,,
219848389,way,Osaka,,,,,,,,,,サイ舎,,,,,,,,,,,,,,,,,,,attraction,,,,,,,"Bing, 2011-4",,,,,,,,,,,,,,,,,,,,,,animal,,,,,,,,,,,,,,,,,,,,,,,,,,,,,,,,,,,,,,,,,,,,,,,,,,,,,,,,yes,,,,,,,,,,,,,,,,,,,,,,,,,,,,,,,,,,,,,,,,,,,,,,,,,,,
219848390,way,Osaka,,,,,,,,,,カバ舎,,Hippos,,,,,,,,,,,,,,,,,attraction,,,,,,,survey,,,,,,,,,,,,,,,,,,,,,,animal,,,,,,,,,,,,,,,,,,,,,,,,,,,,,,,,,,,,,,,,,,,,,,,,,,,,,,,,yes,,,,,,,,,,,,,,,,,,,,,,,,,,,,,,,,,,,,,,,,,,,,,,,,,,,
219863376,way,Osaka,,,,,,,,,,レッサーパンダ舎,,,,,,,,,,,,,,,,,,,attraction,,,,,,,survey,,,,,,,,,,,,,,,,,,,,,,,,,,,,,,,,,,,,,,,,,,,,,,,,,,,,,,,,,,,,,,,,,,,,,,,,,,,,,,yes,,,,,,,,,,,,,,,,,,,,,,,,,,,,,,,,,,,,,,,,,,,,,,,,,,,
219863654,way,Osaka,,,,,,,,,,オオカミ舎,,,,,,,,,,,,,,,,,,,attraction,,,,,,,survey,,,,,,,,,,,,,,,,,,,,,,animal,,,,,,,,,,,,,,,,,,,,,,,,,,,,,,,,,,,,,,,,,,,,,,,,,,,,,,,,yes,,,,,,,,,,,,,,,,,,,,,,,,,,,,,,,,,,,,,,,,,,,,,,,,,,,
219863658,way,Osaka,,,,,,,,,,小型動物舎,,,,,,,,,,,,,,,,,,,attraction,,,,,,,"Bing, 2011-4",,,,,,,,,,,,,,,,,,,,,,animal,,,,,,,,,,,,,,,,,,,,,,,,,,,,,,,,,,,,,,,,,,,,,,,,,,,,,,,,yes,,,,,,,,,,,,,,,,,,,,,,,,,,,,,,,,,,,,,,,,,,,,,,,,,,,
219863674,way,Osaka,,,,,,,,,,ジャガー舎,,Panthers,,,,,,,,,,,,,,,,,attraction,,,,,,,"Bing, 2011-4",,,,,,,,,,,,,,,,,,,,,,animal,,,,,,,,,,,,,,,,,,,,,,,,,,,,,,,,,,,,,,,,,,,,,,,,,,,,,,,,yes,,,,,,,,,,,,,,,,,,,,,,,,,,,,,,,,,,,,,,,,,,,,,,,,,,,
219904199,way,Osaka,,,,,,,,,,戎橋筋商店街,,Ebisubashi-suji Shopping Street,,,,戎橋筋商店街,,,,,,,,,,,,,attraction,,,,,,,Bing 2010,,,,,,,,,,,,,,,,,,,,,,,,,,,,,,,,,,,,,,,,,,,,,,,,,,,,,,,,,,,,,,,,,,,,pedestrian,,,,,,,,,,,,,,,,,,,no,yes,paving_stones,,,,,,,,,,,,,,,,,,,,,,,,,,,,,,,,,,,,,,,,
220482066,way,Osaka,,,,,,,,,,日本工芸館,,,,,,,,,,,,,,,,,,,museum,,,Q11508057,ja:日本工芸館,"National-Land Numerical Information (Public Facility) 2006, MLIT Japan",国土数値情報（公共施設データ）平成19年　国土交通省,KSJ2,http://nlftp.mlit.go.jp/ksj/jpgis/datalist/KsjTmplt-P02-v2_0.html,,難波中3-7-6,大阪府大阪市浪速区,民間,,,,,,,,,,,,,,,,,,,,,,,,,,,,,,,,,,,,,,,,,,,,,,,,,,,,,,,,,,,,,,,,,,,,,,,,,yes,,,,,,,,,,,,,,,,,,,,,,,,,,,,,,,,,,,,,,,,,,,,,,,,,,,
222477958,way,Osaka,,,,,,,,,,水掛不動尊,,Mizukake Fudo,,,,,,,,,,,,,,,,,attraction,,,,,,,GSI/KIBAN 2500;NARO,http://wiki.osm.org/wiki/GSI_KIBAN,,,,,,,,,,,,,,,,,,,,,,,,,,,,,,,,,,,,,,,,,,place_of_worship,,,,,,,,,,,,,,,,,,,,,,,,,,,,,,,,,,,yes,,,,,,,,,,,,buddhist,,,,,,,,,,,,,,,,,,,,,,,,,,,,,,,,,,,,,,,
222632003,way,Osaka,,,,,,,,,,法善寺,,Hozenji Temple,,,,,,,,,,,,,,,,,attraction,,,,,,,GSI/KIBAN 2500;NARO,http://wiki.osm.org/wiki/GSI_KIBAN,,,,,,,,,,,,,,,,,,,,,,,,,,,,,,,,,,,,,,,,,,place_of_worship,,,,,,,,,,,,,,,,,,,,,,,,,,,,,,,,,,,yes,,,,,,,,,,,,buddhist,,,,,,,,,,,,,,,,,,,,,,,,,,,,,,,,,,,,,,,
222632015,way,Osaka,,,,,,,,,,上方浮世絵館,,Kamigata Ukiyo-e Museum,,,,上方浮世絵館,,Kamigata Ukiyoe-kan,,,,,,,,Tu-Su 11:00-17:30,,,museum,http://www.kamigata.jp/,,,,,,GSI/KIBAN 2500;NARO,http://wiki.osm.org/wiki/GSI_KIBAN,,,,,,,,,,,,,1-6-4,,,,,,,,,,,,,,,,,,,,,,,,,,,,,,,,,,,,大阪府大阪市中央区難波,,,,,,,,,,,,,,,,,,,,,,,,,,,,yes,,,,,,,,,,,,,,,,,,,,,,,,,,,,,,,,,,,,,,,,,,,,,,,,,,,
222632016,way,Osaka,,,,,,,,,,法善寺,,Hozenji Temple,,,,,,,,,,,,,,,,,attraction,,,,,,,GSI/KIBAN 2500;NARO,http://wiki.osm.org/wiki/GSI_KIBAN,,,,,,,,,,,,,,,,,,,,,,,,,,,,,,,,,,,,,,,,,,place_of_worship,,,,,,,,,,,,,,,,,,,,,,,,,,,,,,,,,,,yes,,,,,,,,,,,,buddhist,,,,,,,,,,,,,,,,,,,,,,,,,,,,,,,,,,,,,,,
231449111,way,Osaka,,,,,,,,,,大阪市立科学館,,Osaka Science Museum,,,,,,,,,,,,,,Tu-Su 09:30-17:00,+81 6-6444-5656,,museum,https://www.sci-museum.jp/,yes,Q875709,en:Osaka Science Museum,,,GSI/KIBAN 2500;NARO,http://wiki.osm.org/wiki/GSI_KIBAN,Category:Osaka Science Museum,,,,,,,大阪市,,,,2,1,中之島四丁目,,北区,,,,wlan,,,,,,,,,,,,,,,,,,,,,,,,,,,,,,,,,,,,,,,2025-03-11,,,,,,,,,,,,,,,,,,yes,4,,,,,,,,,,,,no,,,,,,,,,,,,,,,,,,,,,,,,,,,,,,,,,,,,,,
231449189,way,Osaka,,,,,,,,,,国立国際美術館,,"The National Museum of Art, Osaka",,,,,,,,,,,,,,"Sa-Su 10:00-17:00,Tu-Th 10:00-19:00,Fr 10:00-19:00",+81 6 6447 4680,,museum,https://www.nmao.go.jp/index.html,yes,Q1055037,"en:National Museum of Art, Osaka",,,GSI/KIBAN 2500;NARO,http://wiki.osm.org/wiki/GSI_KIBAN,,,,,,,独立行政法人国立美術館,大阪市,,,,2,55,中之島四丁目,,北区,,,,,,,,,,,,,,,,,,,,,,,,,,,,,,,,,,,,,,,,,,,,,,,,,,,,,,,,,,,,,yes,,,,,,,,,,,,,,yes,,,,,,,,,,,,,,,,,,,,,,,,,,,,,,,,,,,,,
244504865,way,Osaka,,,,,,,,,,難波・玉造資料館,,,,,,,,,,,,,,,,,,,museum,,,,,,,GSI/KIBAN 2500; NARO,http://wiki.osm.org/wiki/GSI_KIBAN,,,,,,,,,,,,,,,,,,,,,,,,,,,,,,,,,,,,,,,,,required,,,,,,,,,,,,,,,,,,,,,,,,,,,,,,,,,,,,yes,,,,,,,,,,,,,,,,,,,,,,,,,,,,,,,,,,,,,,,,,,,,,,,,,,,
245386620,way,Osaka,,,,,,,,,,そら,,,,,,,,,,,,,,,,,,,gallery,,,,,,,GSI/KIBAN 2500; NARO,http://wiki.osm.org/wiki/GSI_KIBAN,,,,,,,,,,,,,,,,,,,,,,,,,,,,,,,,,,,,,,,,,,,,,,,,,,,,,,,,,art,,,,,,,,,,,,,,,,,,,,retail,,,,,,,,,,,,,,,,,,,,,,,,,,,,,,,,,,,,,,,,,,,,,,,,,,,
246432310,way,Osaka,,,,,,,,,,山王美術館,,,,,,,,,,,,,,,,,,,gallery,,,,,,,GSI/KIBAN 2500; NARO,http://wiki.osm.org/wiki/GSI_KIBAN,,,,,,,,,,,,,,,,,,,,,,,,,,,,,,,,,,,,,,,,,,,,,,,,,,,,,,,,,,,,,,,,,,,,,,,,,,,,,yes,,,,,,,,,,,,,,,,,,,,,,,,,,,,,,,,,,,,,,,,,,,,,,,,,,,
254319878,way,Osaka,,,,Torre de Osaka,,,yes,,,通天閣,Tsūtenkaku,Tsūtenkaku,Tsūtenkaku,Tsūtenkaku,,,,,쓰텐카쿠,,,,通天阁,通天阁,通天閣,Mo-Su 08:30-21:30,,,viewpoint,,yes,Q1148463,ja:通天閣,,,メモ #655216,http://wiki.osm.org/wiki/GSI_KIBAN,Category:Tsūtenkaku,,,,営業時間：9:00-21:00（年中無休） 設計： 内藤多仲 建設： 1943年,,,大阪市,556-0002,,,18,6,1丁目,大阪府,浪速区,,,,,,,,,,,1195795,,,,,,,,tower,恵美須東,+81 6-6641-9555,https://www.tsutenkaku.co.jp/,つうてんかく,,,,,,,,,Tsūtenkaku,新世界市場,tsutenkaku_official,tsutenkaku,Цутэнкаку,,,tsutenkaku.jp,,,,,,,,,,,,,,,,,,,,,,commercial,6,内藤多仲,Q1340974,,UCzEVs0uw_H79IsrhIpK_wAw,,,,,,,,,,JP,1,1,+81 6-6641-9559,tsutenkaku_tower,108,1,Tsūtenkaku,observation,,,,,,,,,,,,,,,,,,,,,,,,,,,,
266764648,way,Osaka,,,,,,,,,,スキュルチュール江坂,,,,,,,,,,,,,,,,,,,museum,https://www.amenity-esaka.com/sculpture,,,,,,,,,,,,,,,,,,,,,,,,,,,,,,,,,,,,,,,,,,,,,,,,,,,,,,,,,,,,,,,,,,,,,,,,,,,,,,,,,,,,yes,,,,,,,,,,,,,,,,,,,,,,,,,,,,,,,,,,,,,,,,,,,,,,,,,,,
267341529,way,Osaka,,,,,,,,,,戎橋,,Ebisu Bridge,,Pont d'Ebisu,,,,,,,,,戎桥,,,,,,attraction,,,Q11495351,ja:戎橋,,,,,Category:Ebisubashi,,,,,,,,,,,,,,,,,,,,,,,,,,324057,,,,,,,,bridge,,,https://www.city.osaka.lg.jp/kensetsu/page/0000021695.html,えびすばし,,,,,,,,,Ebisu-bashi,,,,,,,,,,,,,,,,,,,,,,,,,,,,,,,,,,,,,,,,,,,,,,,,,,1,,,beam,,,,,,,,,,,,,,,,,,,,,,,,,,,
268098880,way,Osaka,,,,,,,,sento,,源ケ橋温泉(廃業),,sento,,,,,,,,,,,,,,,,1937,attraction,,,,,,,"Bing, 2011-4",,,,,,国登録有形文化財,,,,,,,,,,,,,,,,,,,,,,,,,,,,,,,,,,,,,,,,,,,,,,,,,,,,,,,,,,,,,,,,,,,,,,,,yes,2,,,,,,,,,,,,,,,,,,,,,,,,public_bath,2020,,,,,,,,,,,,,,,,,,,,,,,,,
268107126,way,Osaka,,,,,,,,yes,,旧植田家住宅,,,,,,,,,,,,,,,,,,,museum,,,,,,,"Bing, 2011-4",,,,,,,,,,,,,,,,,,,,,,,,,,,,,,,,,,,,,,,,,,,,,,,,,,,,,,,,,,,,,,,,,,,,,,,,,,,,,,house,2,,,,,,,,,,,,,,,,,,,,,,,,,,,,,,,,,,,,,,,,,,,,,,,,,,
269189010,way,Osaka,,,,,,,,,,近松記念館,,,,,,,,,,,,,,,,,,,museum,,,,,,,,,,,,,,,,,,,,,,,,,,,,,,,,,,,,,,,,,,,,,,http://hccweb5.bai.ne.jp/tikamatukinenkan/,,,,,,,,,,,,,,,,,,,,,,,,,,,,,,,,,,,,,,,yes,,,,,,,,,,,,,,,,,,,,,,,,,,,,,,,,,,,,,,,,,,,,,,,,,,,
286703595,way,Osaka,,,,,,,,,,江崎記念館（企業ミュージアム）,,,,,,,,,,,,,,,,,+81-6-6477-8257,,attraction,https://www.glico.com/jp/enjoy/experience/ezakikinenkan/,,Q117794301,ja:江崎記念館,  月曜日から金曜日：前日までに電話予約が必要です。 第1・第3 土曜日：予約不要,,survey,,,,,,Glicoの資料館,,,大阪市,555-8502,,,６－５,,４丁目,大阪,西淀川区,,,,,,,,,,,,,,,,,,,,御幣島,,,,,,,,,,,,,,,,,,,,,,,,,,,,,,,,,,,,,,,,,commercial,,,,,,,,,,,,,,,,,,,,,,,,,,,,,,,,,,,,,,,,,,,,,,,,,,,
303446421,way,Osaka,,,,,,,,,,水上バス 乗り場,,Aqua-liner Pier,,,,水上バス 乗り場,,,수상버스 타는곳,,,,,,,Mo-Su 10:00-17:00,,,attraction,https://suijo-bus.osaka/,,,,,,,,,,,,,,,,,,,,,,,,,,,,,,,,,,,,,,,,,,,,,,,,,,,,,,,,,,,,,,,,,,,,,,,,,,,,,,,,,yes,yes,,yes,,,,,,,,,,,,,,,,,,,,,,,,,,,,,,,,,,,,,,,,,,,,,,,,,,,
304926388,way,Osaka,,,,,,,,,,ツル舎,,,,,,,,,,,,,,,,,,,attraction,,,,,,,survey,,,,,,,,,,,,,,,,,,,,,,animal,,,,,,,,,,,,,,,,,,,,,,,,,,,,,,,,,,,,,,,,,,,,,,,,,,,,,,,,yes,,,,,,,,,,,,,,,,,,,,,,,,,,,,,,,,,,,,,,,,,,,,,,,,,,,
304926390,way,Osaka,,,,,,,,,,コウノトリ舎,,,,,,,,Kōnotori,,,,,,,,,,,attraction,,,,,,,survey,,,,,,,,,,,,,,,,,,,,,,animal,,,,,,,,,,,,,,,,,,,,,,,,,,,,,,,,,,,,,,,,,,,,,,,,,,,,,,,,greenhouse,,,,,,,,,,,,,,,,,,,,,,,,,,,,,,,,,,,,,,,,,,,,,,,,,,,
332292139,way,Osaka,,,,,,,,,,HEP FIVE観覧車,,HEP FIVE Ferris Wheel,Noria de Hep Five,,,,,,,,,,HEP FIVE摩天轮,,,Mo-Su 11:30-22:00,,,attraction,,,,,,,,,,,,,,,,,,,,,,,,,,,,,big_wheel,,,,,,,,,,,,,,,,,,,,,,,,,,,,,,,,,,,,,,,,,,,,,,,,,,,,,,,,,,,,,,,,,,,,,,,,,,,,,,,,,,,,,,,,,,,,,,,,,,,,,,,,,,,
337827533,way,Osaka,,,,,,,,locomotive,,D51,,,,,,,,,,,,,,,,"Apr - Nov: Su[ 3] 10:00 - 12:00, 13:00 - 16:00",,,attraction,,limited,,,,,local knowledge,,,,,,,,,尼崎市,660-0828,,,1,,1,,,,,,,,,,,,,,,,,,,,,,東大物,+81 6 6429 3020,http://www.city.amagasaki.hyogo.jp/siminsanka/014odatiikisinko/014omosiro.html,,,,,,,,,,,,,,,,,,,,,,,,,,,,,,,,,,,,,,,,,,,,,,,,,,,,,,,,,,,,,,,,,,steam,,,,,,,,,,,,,,,,,,,,,,,,
343837388,way,Osaka,,,,,,,yes,,,大阪中之島美術館,,"Nakanoshima Museum of Art, Osaka",,,,大阪中之島美術館,,,,,,,,,,"Tu-Su,PH 10:00-17:00",,2022-02-02,museum,https://nakka-art.jp/,,Q50375431,ja:大阪中之島美術館,,,,,"Category:Nakanoshima Museum of Art, Osaka",,,,,,,,,,,,,,,,,,,,,,,,,,,,,,,,,,,,,,,,,,,,,,,,,,,,,,,,,,,,,,,,,,,,art,,,,,,,,,,,,,,,,,,,,,,,,,,,,,,,,,,,,retail,art,Q735,,,,,,,,,,,,,,,,,,,,,
343902396,way,Osaka,,,,,,,,,,ものづくりイズム館,,,,,,,,,,,,,,,,,,,museum,,,,,,,Bing,,,,,,,,,門真市大字門真,,,,,1006,,,,,,,,,,,,,,,,,,,,,,,,,,,,,,,,,,,,,,,,,,,,,,,,,,,,,,,,,,,,,,,,yes,,,,,,,,,,,,,,,,,,,,,,,,,,,,,,,,,,,,,,,,,,,,,,,,,,,
355203614,way,Osaka,,,,,,,,,,尼信記念館,,,,,,,,,,,,,,,,"Tu-Su 10:00-16:00; Mo, PH, Dec 29-Jan 05 ""土日と重なる場合は開館""",,,museum,,yes,Q11464905,ja:尼信博物館,,,local knowledge,,Category:Amashin Museum,,,,,,尼崎信用金庫,,,,,,,,,,,,,,,,,,,,,,,,,,,,,,+81-6-6413-1121,http://www.amashin.co.jp/kaikan/,,,,,,,,,,,,,,,,,,,,,,,,,,,,,,,,,,,,,,,yes,2,,,,,,,,,,,,,,,,,+81-6-6413-1221,,,,,,,,,,,,,こちらの建物（赤レンガ造り）は、尼信会館ではなく、尼信記念館であるので、修正が必要です。,,,,,,,,,,,,,,,,,,,,
355203616,way,Osaka,,,,,,,,,,尼信会館,,the Amagasaki Shinkin Bank Hall,,,,尼信会館,,,,,,,,,,Tu-Su 10:00-16:00,,,museum,https://www.amashin.co.jp/kaikan/index_fr.html,,,,,,survey;local knowledge,,,,,,,,尼崎信用金庫,尼崎市,660-0864,,,3,,,兵庫県,,,,,,,,,,,,,,,,,,,,,東桜木町,,,,,,,,,,,,,,,,,,,,,,,,,,,,,,,,,local_history,,,,business,,,,museum,4,,,,,,,,,,,,,,,,,,,,,,,,,,,,,,,1,,,,,,,,,,,,,,,,,,,
368344953,way,Osaka,,,,,,,,,,展望デッキ (北ターミナル),,Observation Deck (North Terminal),,,,展望デッキ (北ターミナル),,,,,,,,,,,,,viewpoint,https://www.osaka-airport.co.jp/shop-and-dine/lasora/view.html,,,,,,,,,,,,,,,,,,,,,,,,3;4,,park,,,,,,,,,,,,,,,,,,,,,,,,,,,,,,,,,,,,,,,,,,,,,,,,,,,,,,,,,,,,,,,,,,,,,,,,,,,,,,,2,,,,,,,,,,,,ラ・ソーラ,,,,,,,,,,,,,,,,,,
382746499,way,Osaka,,,,,,,,,,天保山大観覧車,,Tempozan Ferris Wheel,Tempozan Ferris Wheel,,,,,,덴포잔 대 관람차,,,,,,,,,,attraction,,,Q548263,en:Tempozan Ferris Wheel,,,,,Category:Ferris wheel (Tenpozan),,,,,,,,,,,,,,,,,,,,big_wheel,,,,,,,,,,,,,,,,,,,,,,,,,,,,,,,,,,,,,,,,,,,,,,,,,,,,,,,,,,,,,,,,,,,,,,,,,,,,,1,,,,,,,,,,,,,,,,,,,,,,,,,,,,,,
385792446,way,Osaka,,,,,,,,,,ユニチカ記念館,,Unitika Memorial Hall,,,,,,,,,,,,,,"10:00-12:00, 13:00-15:00; We off",+81-6-6481-0525,1900-10,museum,https://www.city.amagasaki.hyogo.jp/bunkazai/siseki/unitika/unitika.html,,,,,,local knowledge,,,,,,,,,尼崎市東本町1-50,660-0824,,,,,,,,,,,,,,,,,,,,,,,,,,,,,,,,,,,,,,,,,,,,,,,,,,,,,,,,,,,,,,,,,,,,yes,2,,,,,,,,,,,,,,,,,,,,,,,,,,,,,,,,,,,,,,,,,,,,,,,,,,
392332808,way,Osaka,,,,,,,,locomotive,,阪神71形 74号,,,,,,,,,,,,,,,,,,,attraction,,,,,,,,,,,,,,,,,,,,,,,,,,,,,,,,,,,,,,,,,,,,,,,,,,,,,,,,,,,,,,,,,,,,,,,,,,,,,,,,,,,,,yes,,,,,,,,,,,,,,,,,,,,,,,,,,,electric,,,,,,,,,,,,,,,,,,,,,,,,
410957182,way,Osaka,,,,,,,,,,戎橋筋商店街,,Ebisubashi-suji Shopping Street,,,,戎橋筋商店街,,,,,,,,,,,,,attraction,,,,,,,Bing 2010,,,,,,,,,,,,,,,,,,,,,,,,,,,,,,,,,,,,,,,,,,,,,,,,,,,,,,,,,,,,,,,,,,,,pedestrian,,,,,,,,,,,,,,,,,,,no,yes,paving_stones,,,,,,,,,,,,,,,,,,,,,,,,,,,,,,,,,,,,,,,,
410957183,way,Osaka,,,,,,,,,,心斎橋筋商店街,,Shinsaibashisuji Shopping Street,Shinsaibashi Suji,,,心斎橋筋商店街,,,,,,,心斋桥筋商店街,,,,,,attraction,https://www.shinsaibashi.or.jp/,,,,,,MLIT Japan,,,,,,,Shinsaibashi-suji,,,,,,,,,,,,,,wlan,,,,,,,,,,,,,,,,,,,,,,,,,,,,,,,,,,,,,,,,,,,,,,,pedestrian,,,,,,,,,,,,,,,,,,,,yes,paving_stones,,,,,,,,,,,,,,,,,,,,,,,国土画像情報（オルソ化空中写真）国土交通省,,,,,,,,,,,,,,,,,
438189049,way,Osaka,,,,,,,,,,道頓堀橋,,Dotonbori Bridge,,Pont de Dōtonbori,,,,,도톤보리 교,,,,,,,,,,attraction,,,Q85884017,ja:道頓堀橋,,,,,Category:Dōtonbori Bridge,,,,,,,,,,,,,,,,,,,,,,,,,,11837142,,,,,,,,bridge,,,https://www.city.osaka.lg.jp/kensetsu/page/0000493973.html,どうとんぼりばし,,,,,,,,,Dōtonbori-bashi,,,,,,,,,,,,,,,,,,,,,,,,,,,,,,,,,,,,,,,,,,,,,,,,,,1,,,arch,,,,,,,,,,,,,,,,,,,,,,,,,,,
462894544,way,Osaka,,,,,,,,,,大阪市立自然史博物館,,,,,,,,,,,,,,,,,,,museum,,yes,Q11440688,en:Osaka Museum of Natural History,,,,,Category:Osaka Museum of Natural History,,,,,,,,,,,,,,,,,,,,,,,,,,,,,,,,,,,,,,,,,,,,,,,,,,,,,,,,,,,,,,,,,,,,,,,,,,,,yes,,,,,,,,,,,,,,,,,,,,,,,,,,,,,,,,,,,,,,,,,,,,,,,,,,,
472040223,way,Osaka,,,,,,,,,,吹田市立博物館,,,,,,,,,,,,,,,,09:30-17:15,+81 6 6338 5500,,museum,https://www.suita.ed.jp/hak/,yes,Q11416534,ja:吹田市立博物館,,,,,Category:Suita City Museum,,,,,,,吹田市,,,,10,1,4,,,,,,,,,,,,,,,,,,,,,,岸部北,,,,,,,,,,,,,,,,,,,,,,,2022-10-30,,no,no,,,,,,,history,,,,public,yes,yes,,yes,,,,,,,,,,,,,,,,,,,,,2,,,,,,,,,,,,,,no,,,,,,,,,,,,,,,,
501177331,way,Osaka,,,,,,,,,,ダスキンミュージアム,,,,,,,,,,,,,,,,,,,museum,https://www.duskin-museum.jp/,,Q118934839,,,,"Bing, 2017",,,,,,,,,,,,,,,,,,,,,,,,,,,,,,,,,,,,,,,,,,,,,,,,,,,,,,,,,,,,,,,,,,,,,,,,,,,,,,yes,,,,,,,,,,,,,,,,,,,,,,,,,,,,,,,,,,,,,,,,,,,,,,,,,,,
512474174,way,Osaka,,,,,,,,,,豊臣石垣館,,Toyotomi Stone Wall Museum,,,,豊臣石垣館,,,,,,,丰臣石垣馆,,,,,,museum,,,,,,,,,,,,,,大坂城豊臣石垣公開プロジェクト,,,,,,,,,,,,,,,,,,,,,,,,,,,,,,,,,,,,,,,,,,,,,,,,,,,,,,,,,Toyotomi Castle Ruins,,,,,,,,,,,,,,yes,,,,,,,,,,,,,,,,,,,,,,,,,,,,,,,,,,,,,,,,,,,,,,,,,,,
512713298,way,Osaka,,,,,,,,,,ピースおおさか 大阪国際平和センター,,Osaka International Peace Center,Osaka International Peace Center,,,ピースおおさか 大阪国際平和センター,,,,,,,,,,,,,museum,,,Q7105564,en:Osaka International Peace Center,,,,,Category:Peace Osaka,,,,,,公益財団法人 大阪国際平和センター,,,,,,,,,,,,,,,,,,,,,,,,,,,,,,,,,,,,,,,,,,,,,,,,,,,,,,,,,,,,,,,,,,,,,,yes,3,,,,,,,,,,,,,,,,,,,,,,,,,,,,,,,,,,,,,,,,,,,,,,,,,,
541582128,way,Osaka,,,,,,,,,,HANKYU BRICK MUSEUM,,HANKYU BRICK MUSEUM,,,,,,,,,,,,,,,,,museum,,,,,,,survey,,,,,,,,,,,,,,,,,,0,,,,,,,,,,,,,,,,,,,,,,,,,,,,,,,,,,,,,,,yes,,,,,,,,,,,corridor,,,,,,,,,,,,,,,,,,,,,,,,,,,,,,,,,,,,,,,,,,,,,,,,,,,,,,,,,,,,,
570094063,way,Osaka,,,,,,,,,,海岸通ギャラリー・CASO,,,,,,,,,,,,,,,,,,,gallery,,,,,,,,,,,,,,,,,,,,,,,,,,,,,,,,,,,,,,,,,,,,,,,,,,,,,,,,,,,,,,,,,,,,,,,,,,,,,,,,,,,,,yes,,,,,,,,,,,,,,,,,,,,,,,,,,,,,,,,,,,,,,,,,,,,,,,,,,,
577399360,way,Osaka,,,,,,,,,,ギャラリーマルイ,,,,,,,,,,,,,,,,,,,gallery,,,,,,,local knowledge,,,,,,,,,,,,,,,,,,,,,,,,,,,,,,,,,,,,,,,http://bcaweb.bai.ne.jp/marui/,,,,,,,,,,,,,,,,,https://www.facebook.com/Gallery-marui-322746534490390/,,frame,,,,,,,,,,,,,,,,,,,,yes,,,,,,,,,,,,,,,,,,,,,,,,,,,,,,,,,,,,GSImaps/ort,,,,,,,,,,,,,,,
579430112,way,Osaka,,,,,,,500 JPY,,,天王寺動物園,,Tennoji Zoo,Zoológico Tennoji,,,天王寺動物園,,,,,,,天王寺动物园,,,,+81 6-6771-8401,,zoo,https://www.tennojizoo.jp/,limited,Q1054648,ja:天王寺動物園,,,,,,,,,,,地方独立行政法人天王寺動物園,,543-0063,,+81 6-6772-4633,,,,,,,,,,,,,,,,,,,,,,,,,,,,,,,,,,,,,,,,,,,,,,,,,,,,,,,,,,,,,,,,,,,,,,,,,,,,,,,,,,,,,,,,,,,,,,,,,,,,,,,wall,200 JPY,,,,,,,,,,,,,
587157878,way,Osaka,,,,,,,,,,大阪文化館・天保山,,Osaka Culturarium at Tempozan,,,,大阪文化館・天保山,,,오사카 문화관.덴포잔,,,,,,,,,,museum,,,Q11249107,ja:大阪文化館・天保山,,,"Bing,2008-03",,"Category:Suntory Museum, Osaka",,,,,,,,,,,,,,,,2,,,,,,,,,,,,,,,,,,,,,,,,,,,,,,,,,,,,,,,,,,,,,,,,,,,,,,,,,,,,yes,,,,,,,,,,,,,,,,,,,,,1,,,,,,,,,,,,サントリーミュージアム天保山,,,,,,,,,,,,,,,,,,
590614262,way,Osaka,,,,,,,,,,ハグミュージアム,,,,,,,,,,,,,,,,,,,museum,,,,,,,,,,,,,,,大阪ガス,,,,,,,,,,,,,,,,,,,,,,,,,,,,,,,,,,,,,,,,,,,,,,,,,,,,,,,,,,,,,,,,,,,,,,retail,,,,,,,,,,,,,,,,,,,,,,,,,,,,,,,,,,,,,,,,,,,,,,,,,,,
610362551,way,Osaka,,,,,,,,,,OAP港,,OAP Pier,,,,OAP港,,,,,,,,,,,,,attraction,,,,,,,,,,,,,,,,,,,,,,,,,,,,,,,,,,,,,,,,,,,,,,,,,,ferry_terminal,,,,,,,,,,,,,,,,,,,,,,,,,,,,,,,,,,,yes,,,,,,,,,,,,,,,,,,,,,,,,,,,,,,,,,,,,,,,passengers,yes,station,,,,,,,,,,
671074996,way,Osaka,,,,,,,,,,Atelier Little,,,,,,,,,,,,,,,,,,,gallery,,,,,,,,,,,,,,,,,,,,,,,,,,,,,,,,,,,,,,,,,,,,,,,,,,,,,,,,,,,,,,,,,,,,,,,,,,,,,,,,,,,,,yes,,,,,,,,,,,,,,,,,,,,,,,,,,,,,,,,,,,,,,,,,,,,,,,,,,,
685673178,way,Osaka,,,,,,,no,,,松下幸之助歴史館,,,,,,,,,,,,,,,,"Mo-Sa 10:00-17:00; Su,PH off",,,museum,https://holdings.panasonic/jp/corporate/about/history/panasonic-museum.html,,Q11329151,ja:パナソニックミュージアム 松下幸之助歴史館,,,,,Category:Panasonic Konosuke Matsushita Museum,,,,,,,,,,,,,,,,,,,,,,,,,,,,,,,,,,,,,,,,,,,,,,,,,,,,,,,,,,,,,,,,,,,,,,,,,,,,yes,,,,,,,,,,,,,,,,,,,,,,,,,,,,,,,,,,,,,,,,,,Panasonic museum,https://holdings.panasonic/global/corporate/about/history/panasonic-museum.html,,,,,,,,
759953681,way,Osaka,,,,,,,,,,伊丹市立こども文化科学館,,,,,,,,,,,,,,,,,,,museum,,yes,Q116432719,ja:伊丹市立こども文化科学館,"National-Land Numerical Information (Public Facility) 2006, MLIT Japan",国土数値情報（公共施設データ）平成19年　国土交通省,KSJ2,http://nlftp.mlit.go.jp/ksj/jpgis/datalist/KsjTmplt-P02-v2_0.html,,,,,,,,,,,,,,,,,,,,,,,,,,,,,,,,,,,,,,,,,,,,,,,,,,,,,,,,,,,,,,,,,,,,,,,,,,,,,yes,,,,,,,,,,,,,,,,,,,,,,,,,,,,,,,,,,,,,,,,,,,,,,,,,,,
778503644,way,Osaka,,,,,,,,,,日本民家集落博物館,,Open-Air Museum Of Old Japanese Farm Houses,,Musée de plein-air des vieilles fermes,,,,,,,,,,,,,,,museum,,,Q11508426,ja:日本民家集落博物館,,,,,Category:Open-Air Museum Of Old Japanese Farm Houses,,,,,,,,,,,,,,,,,,,,,,,,,,,,,,,,,,,,,,,,,,,,,,,,,,,,,,,,,,,,,,,,,,,,,,,,,,,,,,,,,,,,,,,,,,,,,,,,,,,,,,,,,,,,,,,,,,,,,,,,,,,,,,,
895630634,way,Osaka,,,,,,,,,,心斎橋筋商店街,,Shinsaibashisuji Shopping Street,Shinsaibashi Suji,,,心斎橋筋商店街,,,,,,,心斋桥筋商店街,,,,,,attraction,https://www.shinsaibashi.or.jp/,,,,,,MLIT Japan,,,,,,,Shinsaibashi-suji,,,,,,,,,,,,,,wlan,,,,,,,,,,,,,,,,,,,,,,,,,,,,,,,,,,,,,,,,,,,,,,,pedestrian,,,,,,,,,,,,,,,,,,,no,yes,paving_stones,,,,,,,,,,,,,,,,,,,,,,,国土画像情報（オルソ化空中写真）国土交通省,,,,,,,,,,,,,,,,,
895630635,way,Osaka,,,,,,,,,,心斎橋筋商店街,,Shinsaibashisuji Shopping Street,Shinsaibashi Suji,,,心斎橋筋商店街,,,,,,,心斋桥筋商店街,,,,,,attraction,https://www.shinsaibashi.or.jp/,,,,,,MLIT Japan,,,,,,,Shinsaibashi-suji,,,,,,,,,,,,,,wlan,,,,,,,,,,,,,,,,,,,,,,,,,,,,,,,,,,,,,,,,,,,,,,,pedestrian,,,,,,,,,,,,,,,,,,,,no,paving_stones,,,,,,,,,,,,,,,,,,,,,,,国土画像情報（オルソ化空中写真）国土交通省,,,,,,,,,,,,,,,,,
947112669,way,Osaka,,,,,,,,,,藤田美術館,,Fujita Art Museum,,,,藤田美術館,,,,,,,,,,,,2020-08,museum,,,Q3329563,ja:藤田美術館,,,,,Category:Fujita Museum,,,,,,,,,,,,,,,,,,,,,,,,,,,,,,,,,,,,,,,,,,,,,,,,,,,,,,,,,,,,,,,,,,,,,,,,,,,,museum,,,,,,,,,,,,,,,,,,,,,,,,,,,,,,,,,,,,,,,,,,,,,,,,,,,
963826213,way,Osaka,,,,,,,,,,マルハン,,,,,,,,,,,,,,,,,,,attraction,,,,,,,,,,,,,,,,,,,,,,,,,,,,,,,,,,,,,,,,,,,,,,,,,,,,,,,,,,,,,,,,,,,,,,,,,,,,,,,,,,,,,yes,,,,,,,,,,,,,,,,,,,,,,,,,,,,,,,,,,,,,,,,,,,,東大阪店,,,,,,,
1109911623,way,Osaka,,,,,,,,,,展望デッキ (南ターミナル),,Observation Deck (South Terminal),,,,展望デッキ (南ターミナル),,,,,,,,,,,,,viewpoint,https://www.osaka-airport.co.jp/shop-and-dine/lasora/view.html,,,,,,,,,,,,,,,,,,,,,,,,3;4,,park,,,,,,,,,,,,,,,,,,,,,,,,,,,,,,,,,,,,,,,,,,,,,,,,,,,,,,,,,,,,,,,,,,,,,,,,,,,,,,,2,,,,,,,,,,,,,,,,,,,,,,,,,,,,,,
1191277060,way,Osaka,,,,,,,,,,頂上展望台,,,,,,,,,,,,,,,,,,,viewpoint,,,,,,,,,,,,,,,,,,,,,,,,,,,,,,,,,,,,,,,,,,,,,,,,,,,,,,,,,,,,,,,,,,,,,,,,,,,,,,,,,,,,,yes,,,,,,,,,,,,,,,,,,,,,,,,,,,,,,,,,,,,,,,,,,,,,,,,,,,
1227102077,way,Osaka,,,,,,,,,,戎橋筋商店街,,Ebisubashi-suji Shopping Street,,,,戎橋筋商店街,,,,,,,,,,,,,attraction,,,,,,,Bing 2010,,,,,,,,,,,,,,,,,,,,,,,,,,,,,,,,,,,,,,,,,,,,,,,,,,,,,,,,,,,,,,,,,,,,pedestrian,,,,,,,,,,,,,,,,,,,no,yes,paving_stones,,,,,,,,,,,,,,,,,,,,,,,,,,,,,,,,,,,,,,,,
1293120131,way,Osaka,,,,,,,,,,飛田新地,,Tobita Shinchi,,,,,,,,,,,,,,,,,attraction,,,Q7811711,ja:飛田遊廓,,,,,,,,,,,,,,,,,,,,,,,,,,,,,,,,,,,,,,,,,,,とびたしんち,,,,,,,,,,,,,,,,,,,,,,,,,,,,,,,,,,,,,,,,,,,,,,,,,,,,,,,,,,,,,,,,,,,,,,,,,,,,,,,,,,,yes,ひだしんち;とびだしんち;ひたしんち;飛騨新地;,,,,,
1293441689,way,Osaka,,,,,,,,,,伊丹市立伊丹ミュージアム,,"Itami City Museum of Art, History and Culture",,,,,,,,,,,,,,"Tu-Su,PH 10:00-18:00; Jan 1-3,Dec 29-31 off",,,museum,https://itami-im.jp/,yes,Q11378773,ja:市立伊丹ミュージアム,,,,,Category:Itami City Museum of Art,,,,,,伊丹市,,,,,,,,,,,,,,,,,,,,,,,,,,,,,,,,,,,,,,,,,,,,,,,,,,,,,,,,,,,,,,,,,,,,,,,,,,,,,,,,,,,,,,,,,,,,,,,,,,,,,,,,,,,,,,,,,,,,,Itami City,伊丹市,,,
1293441692,way,Osaka,,,,,,,no,yes,,旧岡田家住宅・酒蔵,,,,,,,,,,,,,,,,Tu-Su 10:00-18:00,,,museum,,limited,Q11511041,ja:旧岡田家住宅,,,,,,,,,,,伊丹市,,,,,5,28,宮ノ前二丁目,,,,,,,,,,,,,,,,,,,,,,,,,,,,,,,,,,,,,,,,,,,,,,,,,,,,,,,history,,,,,,,,industrial,,,,,,,,,,,,,,,,,,,,,,,,,,,,,,,,,,,,,,,,,,,,,,,,,,,
1310001003,way,Osaka,,,,,,,,,,長居植物園,,,,,,,,,,,,,,,,,,,theme_park,,,,,,,,,,,,,,,大阪市,,,,,,,,,,,,,,,,,,,,,,,,,,,,,,,,,,,,,,,,,,,,,,,,,,,,,,,,,,,,,,,,,,,,,,,,,,,,,,,,,,,,,,,,,,,,,,,,,,,,,,,,,,,,,,,,,,,,,,,,,
1354154264,way,Osaka,,,,,,,,,,e METRO MOBILITY TOWN,,,,,,,,,,,,,,,,,,,theme_park,,,,,,,,,,,,,,,,,,,,,,,,,,,,,,,,,,,,,,,,,,,,,,,,,,,,,,,,,,,,,,,,,,,,,,,,,,,,,,,,,,,,,,,,,,,,,,,,,,,,,,,,,,,,,,,,,,,,オープン告知をもとに敷地のみ描画した,,,,,,,,,,,,,,,,,,,,
1379704639,way,Osaka,,,,,,,,,,,,,,,,,,,,,,,,,,,,,attraction,,,Q28104177,,,,,,,,,,,,,,,,,,,,,,,,,,,,,,,,,,,,,,,,,,,,,,,,,,,,,,,,,,,,,,,,,,,,,,,,,,,,,,,,,,,,,,,,,,,,,,,,,,,,,,,,,,,,,,,,,,,,,,,,,,,,,,,,,,,,,
1417556811,way,Osaka,,,,,,,,,,戎橋筋商店街,,Ebisubashi-suji Shopping Street,,,,戎橋筋商店街,,,,,,,,,,,,,attraction,,,,,,,Bing 2010,,,,,,,,,,,,,,,,,,,,,,,,,,,,,,,,,,,,,,,,,,,,,,,,,,,,,,,,,,,,,,,,,,,,pedestrian,,,,,,,,,,,,,,,,,,,no,yes,paving_stones,,,,,,,,,,,,,,,,,,,,,,,,,,,,,,,,,,,,,,,,
1417556812,way,Osaka,,,,,,,,,,戎橋筋商店街,,Ebisubashi-suji Shopping Street,,,,戎橋筋商店街,,,,,,,,,,,,,attraction,,,,,,,Bing 2010,,,,,,,,,,,,,,,,,,,,,,,,,,,,,,,,,,,,,,,,,,,,,,,,,,,,,,,,,,,,,,,,,,,,pedestrian,,,,,,,,,,,,,,,,,,,no,yes,paving_stones,,,,,,,,,,,,,,,,,,,,,,,,,,,,,,,,,,,,,,,,
5695002,way,Osaka,,,,,,,,,,ユニバーサル・スタジオ・ジャパン,,Universal Studios Japan,Universal Studios Japan,Universal Studios Japan,,ユニバーサル・スタジオ・ジャパン,,,유니버셜 스튜디오 재팬 오사카,,,,日本环球影城,日本环球影城,日本環球影城,,,2001-03-31,theme_park,,,Q1375103,ja:ユニバーサル・スタジオ・ジャパン,,,Bing 2008-03,,Category:Universal Studios Japan,,,,,,,Konohana Ward,55-0031,,,,2-1-33,,,,,,,,,,,,,,320976,,,,,,,,,,+81 570-200-606,https://www.usj.co.jp/,,ユニバ,,,,,,,,Yunibāsaru Sutajio Japan,Sakurajima,universal_studios_japan,USJ_Official,,,,UniversalStudiosJapan,,,,,,,,,,,,,,,,,,,,,,,,,,,UCToEZQ8r1X_mVYH6wSpKi5A,,,,,,,,,,,,,,,,,,,,,,,,Universal Pictures,Q168383,,,,,,,,,,,,,,,,,,,日本環球影城,USJ,multipolygon
6994284,way,Osaka,,,,,,,,,,海遊館,,Osaka Aquarium Kaiyukan,Acuario de Osaka Kaiyukan,,Osaka Acquarium Kaiyukan,海遊館,,,가이유칸,,,,,,,Mo-Su 10:00-20:00,0665765501,,aquarium,,yes,Q1191885,ja:海遊館,,,,,,,,,"Adult: 2,300 yen Child: 1,200 yen Young Child: 600 yen",,海遊館,,,,,,,,,,,,,,,,,,,,,,,,,,,,,,,,,,,,,,,,,,,,,,,,,,,,,,,,,,,,,,,,,,,,,,yes,,,,,,,,,,,,,,,,,,,,,,,,,,,,,,,,,,,,,,,,,,,,,,,,,,,multipolygon
